category,url,console_uid,slug,page_name
Basketball,https://www.sportscardspro.com/console/basketball-cards-2025-topps-woven-wonders-relic,G87796,basketball-cards-2025-topps-woven-wonders-relic,2025 Topps Woven Wonders Relic Basketball Cards
Basketball,https://www.sportscardspro.com/console/basketball-cards-2025-topps-the-daily-dribble,G87823,basketball-cards-2025-topps-the-daily-dribble,2025 Topps The Daily Dribble Basketball Cards
Basketball,https://www.sportscardspro.com/console/basketball-cards-2025-topps-swish-and-stitch-relic,G87795,basketball-cards-2025-topps-swish-and-stitch-relic,2025 Topps Swish And Stitch Relic Basketball Cards
Basketball,https://www.sportscardspro.com/console/basketball-cards-2025-topps-store-exclusive-relic,G87794,basketball-cards-2025-topps-store-exclusive-relic,2025 Topps Store Exclusive Relic Basketball Cards
Basketball,https://www.sportscardspro.com/console/basketball-cards-2025-topps-stars-of-the-nba,G87822,basketball-cards-2025-topps-stars-of-the-nba,2025 Topps Stars Of The NBA Basketball Cards
Basketball,https://www.sportscardspro.com/console/basketball-cards-2025-topps-sonic-boom,G87821,basketball-cards-2025-topps-sonic-boom,2025 Topps Sonic Boom Basketball Cards
Basketball,https://www.sportscardspro.com/console/basketball-cards-2025-topps-sole-ambition,G87819,basketball-cards-2025-topps-sole-ambition,2025 Topps Sole Ambition Basketball Cards
Basketball,https://www.sportscardspro.com/console/basketball-cards-2025-topps-signed-and-sealed,G87786,basketball-cards-2025-topps-signed-and-sealed,2025 Topps Signed And Sealed Basketball Cards
Basketball,https://www.sportscardspro.com/console/basketball-cards-2025-topps-shopping-spree-signature,G87785,basketball-cards-2025-topps-shopping-spree-signature,2025 Topps Shopping Spree Signature Basketball Cards
Basketball,https://www.sportscardspro.com/console/basketball-cards-2025-topps-scan-and-slam,G87818,basketball-cards-2025-topps-scan-and-slam,2025 Topps Scan And Slam Basketball Cards
Basketball,https://www.sportscardspro.com/console/basketball-cards-2025-topps-rookie-roundball-remnant,G87793,basketball-cards-2025-topps-rookie-roundball-remnant,2025 Topps Rookie Roundball Remnant Basketball Cards
Basketball,https://www.sportscardspro.com/console/basketball-cards-2025-topps-rookie-photo-shoot-autograph,G87783,basketball-cards-2025-topps-rookie-photo-shoot-autograph,2025 Topps Rookie Photo Shoot Autograph Basketball Cards
Basketball,https://www.sportscardspro.com/console/basketball-cards-2025-topps-rise-to-the-occasion-relic,G87792,basketball-cards-2025-topps-rise-to-the-occasion-relic,2025 Topps Rise To The Occasion Relic Basketball Cards
Basketball,https://www.sportscardspro.com/console/basketball-cards-2025-topps-rise-to-stardom,G87817,basketball-cards-2025-topps-rise-to-stardom,2025 Topps Rise To Stardom Basketball Cards
Basketball,https://www.sportscardspro.com/console/basketball-cards-2025-topps-retail-rush-signature,G87782,basketball-cards-2025-topps-retail-rush-signature,2025 Topps Retail Rush Signature Basketball Cards
Basketball,https://www.sportscardspro.com/console/basketball-cards-2025-topps-retail-ripper-relic,G87791,basketball-cards-2025-topps-retail-ripper-relic,2025 Topps Retail Ripper Relic Basketball Cards
Basketball,https://www.sportscardspro.com/console/basketball-cards-2025-topps-power-player,G87816,basketball-cards-2025-topps-power-player,2025 Topps Power Player Basketball Cards
Basketball,https://www.sportscardspro.com/console/basketball-cards-2025-topps-own-the-game,G87790,basketball-cards-2025-topps-own-the-game,2025 Topps Own The Game Basketball Cards
Basketball,https://www.sportscardspro.com/console/basketball-cards-2025-topps-oversized-card,G87815,basketball-cards-2025-topps-oversized-card,2025 Topps Oversized Card Basketball Cards
Basketball,https://www.sportscardspro.com/console/basketball-cards-2025-topps-now,G80067,basketball-cards-2025-topps-now,2025 Topps Now Basketball Cards
Basketball,https://www.sportscardspro.com/console/basketball-cards-2025-topps-notch-signatures,G87787,basketball-cards-2025-topps-notch-signatures,2025 Topps Notch Signatures Basketball Cards
Basketball,https://www.sportscardspro.com/console/basketball-cards-2025-topps-no-limit,G87814,basketball-cards-2025-topps-no-limit,2025 Topps No Limit Basketball Cards
Basketball,https://www.sportscardspro.com/console/basketball-cards-2025-topps-new-school,G87813,basketball-cards-2025-topps-new-school,2025 Topps New School Basketball Cards
Basketball,https://www.sportscardspro.com/console/basketball-cards-2025-topps-new-applicants-autograph,G87781,basketball-cards-2025-topps-new-applicants-autograph,2025 Topps New Applicants Autograph Basketball Cards
Basketball,https://www.sportscardspro.com/console/basketball-cards-2025-topps-mvp-vault,G87812,basketball-cards-2025-topps-mvp-vault,2025 Topps MVP Vault Basketball Cards
Basketball,https://www.sportscardspro.com/console/basketball-cards-2025-topps-marks-of-excellence,G87780,basketball-cards-2025-topps-marks-of-excellence,2025 Topps Marks Of Excellence Basketball Cards
Basketball,https://www.sportscardspro.com/console/basketball-cards-2025-topps-limited-stock-legend,G87811,basketball-cards-2025-topps-limited-stock-legend,2025 Topps Limited Stock Legend Basketball Cards
Basketball,https://www.sportscardspro.com/console/basketball-cards-2025-topps-levitation,G87810,basketball-cards-2025-topps-levitation,2025 Topps Levitation Basketball Cards
Basketball,https://www.sportscardspro.com/console/basketball-cards-2025-topps-home-court,G87809,basketball-cards-2025-topps-home-court,2025 Topps Home Court Basketball Cards
Basketball,https://www.sportscardspro.com/console/basketball-cards-2025-topps-holiday-ssp-variation,G88033,basketball-cards-2025-topps-holiday-ssp-variation,2025 Topps Holiday SSP Variation Basketball Cards
Basketball,https://www.sportscardspro.com/console/basketball-cards-2025-topps-holiday-ssp-back-variation,G88034,basketball-cards-2025-topps-holiday-ssp-back-variation,2025 Topps Holiday SSP Back Variation Basketball Cards
Basketball,https://www.sportscardspro.com/console/basketball-cards-2025-topps-holiday-relic,G88037,basketball-cards-2025-topps-holiday-relic,2025 Topps Holiday Relic Basketball Cards
Basketball,https://www.sportscardspro.com/console/basketball-cards-2025-topps-holiday-player-shaped-relic,G88038,basketball-cards-2025-topps-holiday-player-shaped-relic,2025 Topps Holiday Player Shaped Relic Basketball Cards
Basketball,https://www.sportscardspro.com/console/basketball-cards-2025-topps-holiday-player-relic,G88039,basketball-cards-2025-topps-holiday-player-relic,2025 Topps Holiday Player Relic Basketball Cards
Basketball,https://www.sportscardspro.com/console/basketball-cards-2025-topps-holiday-oversized-die-cut-ornament,G88044,basketball-cards-2025-topps-holiday-oversized-die-cut-ornament,2025 Topps Holiday Oversized Die-Cut Ornament Basketball Cards
Basketball,https://www.sportscardspro.com/console/basketball-cards-2025-topps-holiday-making-the-nice-list,G88043,basketball-cards-2025-topps-holiday-making-the-nice-list,2025 Topps Holiday Making The Nice List Basketball Cards
Basketball,https://www.sportscardspro.com/console/basketball-cards-2025-topps-holiday-hidden-elf,G88042,basketball-cards-2025-topps-holiday-hidden-elf,2025 Topps Holiday Hidden Elf Basketball Cards
Basketball,https://www.sportscardspro.com/console/basketball-cards-2025-topps-holiday-frostbite-finishers,G88041,basketball-cards-2025-topps-holiday-frostbite-finishers,2025 Topps Holiday Frostbite Finishers Basketball Cards
Basketball,https://www.sportscardspro.com/console/basketball-cards-2025-topps-holiday-evergreen,G88040,basketball-cards-2025-topps-holiday-evergreen,2025 Topps Holiday Evergreen Basketball Cards
Basketball,https://www.sportscardspro.com/console/basketball-cards-2025-topps-holiday,G88032,basketball-cards-2025-topps-holiday,2025 Topps Holiday Basketball Cards
Basketball,https://www.sportscardspro.com/console/basketball-cards-2025-topps-holiday-autograph,G88035,basketball-cards-2025-topps-holiday-autograph,2025 Topps Holiday Autograph Basketball Cards
Basketball,https://www.sportscardspro.com/console/basketball-cards-2025-topps-hidden-gems,G87808,basketball-cards-2025-topps-hidden-gems,2025 Topps Hidden Gems Basketball Cards
Basketball,https://www.sportscardspro.com/console/basketball-cards-2025-topps-havoc-marks,G87779,basketball-cards-2025-topps-havoc-marks,2025 Topps Havoc Marks Basketball Cards
Basketball,https://www.sportscardspro.com/console/basketball-cards-2025-topps-hardwood-stars,G87807,basketball-cards-2025-topps-hardwood-stars,2025 Topps Hardwood Stars Basketball Cards
Basketball,https://www.sportscardspro.com/console/basketball-cards-2025-topps-generation-now,G87806,basketball-cards-2025-topps-generation-now,2025 Topps Generation Now Basketball Cards
Basketball,https://www.sportscardspro.com/console/basketball-cards-2025-topps-franchise-fabrics,G87789,basketball-cards-2025-topps-franchise-fabrics,2025 Topps Franchise Fabrics Basketball Cards
Basketball,https://www.sportscardspro.com/console/basketball-cards-2025-topps-flagship-real-one-rookie-autograph,G87778,basketball-cards-2025-topps-flagship-real-one-rookie-autograph,2025 Topps Flagship Real One Rookie Autograph Basketball Cards
Basketball,https://www.sportscardspro.com/console/basketball-cards-2025-topps-flagship-real-one-relic,G87788,basketball-cards-2025-topps-flagship-real-one-relic,2025 Topps Flagship Real One Relic Basketball Cards
Basketball,https://www.sportscardspro.com/console/basketball-cards-2025-topps-flagship-real-one-autograph,G87777,basketball-cards-2025-topps-flagship-real-one-autograph,2025 Topps Flagship Real One Autograph Basketball Cards
Basketball,https://www.sportscardspro.com/console/basketball-cards-2025-topps-contemporary-marks,G87776,basketball-cards-2025-topps-contemporary-marks,2025 Topps Contemporary Marks Basketball Cards
Basketball,https://www.sportscardspro.com/console/basketball-cards-2025-topps-companion-card,G87805,basketball-cards-2025-topps-companion-card,2025 Topps Companion Card Basketball Cards
Basketball,https://www.sportscardspro.com/console/basketball-cards-2025-topps-comic-court,G87804,basketball-cards-2025-topps-comic-court,2025 Topps Comic Court Basketball Cards
Basketball,https://www.sportscardspro.com/console/basketball-cards-2025-topps-clutch-city-prospect,G87803,basketball-cards-2025-topps-clutch-city-prospect,2025 Topps Clutch City Prospect Basketball Cards
Basketball,https://www.sportscardspro.com/console/basketball-cards-2025-topps-class-of-2025,G87802,basketball-cards-2025-topps-class-of-2025,2025 Topps Class Of 2025 Basketball Cards
Basketball,https://www.sportscardspro.com/console/basketball-cards-2025-topps-chrome-youthquake,G89932,basketball-cards-2025-topps-chrome-youthquake,2025 Topps Chrome Youthquake Basketball Cards
Basketball,https://www.sportscardspro.com/console/basketball-cards-2025-topps-chrome-xs-and-whoas,G89941,basketball-cards-2025-topps-chrome-xs-and-whoas,2025 Topps Chrome Xs And Whoas Basketball Cards
Basketball,https://www.sportscardspro.com/console/basketball-cards-2025-topps-chrome-voices,G89936,basketball-cards-2025-topps-chrome-voices,2025 Topps Chrome Voices Basketball Cards
Basketball,https://www.sportscardspro.com/console/basketball-cards-2025-topps-chrome-ultra-violet-all-stars,G89944,basketball-cards-2025-topps-chrome-ultra-violet-all-stars,2025 Topps Chrome Ultra Violet All-Stars Basketball Cards
Basketball,https://www.sportscardspro.com/console/basketball-cards-2025-topps-chrome-tall-tales,G89939,basketball-cards-2025-topps-chrome-tall-tales,2025 Topps Chrome Tall Tales Basketball Cards
Basketball,https://www.sportscardspro.com/console/basketball-cards-2025-topps-chrome-stratospheric-signature-rookie,G89931,basketball-cards-2025-topps-chrome-stratospheric-signature-rookie,2025 Topps Chrome Stratospheric Signature Rookie Basketball Cards
Basketball,https://www.sportscardspro.com/console/basketball-cards-2025-topps-chrome-stratospheric-signature,G89930,basketball-cards-2025-topps-chrome-stratospheric-signature,2025 Topps Chrome Stratospheric Signature Basketball Cards
Basketball,https://www.sportscardspro.com/console/basketball-cards-2025-topps-chrome-sleek-finishers,G89933,basketball-cards-2025-topps-chrome-sleek-finishers,2025 Topps Chrome Sleek Finishers Basketball Cards
Basketball,https://www.sportscardspro.com/console/basketball-cards-2025-topps-chrome-sky-write-signature,G89922,basketball-cards-2025-topps-chrome-sky-write-signature,2025 Topps Chrome Sky Write Signature Basketball Cards
Basketball,https://www.sportscardspro.com/console/basketball-cards-2025-topps-chrome-signature-style,G89925,basketball-cards-2025-topps-chrome-signature-style,2025 Topps Chrome Signature Style Basketball Cards
Basketball,https://www.sportscardspro.com/console/basketball-cards-2025-topps-chrome-serenity,G89952,basketball-cards-2025-topps-chrome-serenity,2025 Topps Chrome Serenity Basketball Cards
Basketball,https://www.sportscardspro.com/console/basketball-cards-2025-topps-chrome-rookie-autograph,G89921,basketball-cards-2025-topps-chrome-rookie-autograph,2025 Topps Chrome Rookie Autograph Basketball Cards
Basketball,https://www.sportscardspro.com/console/basketball-cards-2025-topps-chrome-rock-stars,G89942,basketball-cards-2025-topps-chrome-rock-stars,2025 Topps Chrome Rock Stars Basketball Cards
Basketball,https://www.sportscardspro.com/console/basketball-cards-2025-topps-chrome-radiating-rookie,G89946,basketball-cards-2025-topps-chrome-radiating-rookie,2025 Topps Chrome Radiating Rookie Basketball Cards
Basketball,https://www.sportscardspro.com/console/basketball-cards-2025-topps-chrome-patented,G89956,basketball-cards-2025-topps-chrome-patented,2025 Topps Chrome Patented Basketball Cards
Basketball,https://www.sportscardspro.com/console/basketball-cards-2025-topps-chrome-paradox,G89955,basketball-cards-2025-topps-chrome-paradox,2025 Topps Chrome Paradox Basketball Cards
Basketball,https://www.sportscardspro.com/console/basketball-cards-2025-topps-chrome-next-stop-signature,G89924,basketball-cards-2025-topps-chrome-next-stop-signature,2025 Topps Chrome Next Stop Signature Basketball Cards
Basketball,https://www.sportscardspro.com/console/basketball-cards-2025-topps-chrome-loading,G89937,basketball-cards-2025-topps-chrome-loading,2025 Topps Chrome Loading Basketball Cards
Basketball,https://www.sportscardspro.com/console/basketball-cards-2025-topps-chrome-let%e2%80%99s-go,G89943,basketball-cards-2025-topps-chrome-let%e2%80%99s-go,2025 Topps Chrome Let’S Go Basketball Cards
Basketball,https://www.sportscardspro.com/console/basketball-cards-2025-topps-chrome-instinct,G89935,basketball-cards-2025-topps-chrome-instinct,2025 Topps Chrome Instinct Basketball Cards
Basketball,https://www.sportscardspro.com/console/basketball-cards-2025-topps-chrome-inspirational,G89950,basketball-cards-2025-topps-chrome-inspirational,2025 Topps Chrome Inspirational Basketball Cards
Basketball,https://www.sportscardspro.com/console/basketball-cards-2025-topps-chrome-helix,G89947,basketball-cards-2025-topps-chrome-helix,2025 Topps Chrome Helix Basketball Cards
Basketball,https://www.sportscardspro.com/console/basketball-cards-2025-topps-chrome-go-time,G89948,basketball-cards-2025-topps-chrome-go-time,2025 Topps Chrome Go Time Basketball Cards
Basketball,https://www.sportscardspro.com/console/basketball-cards-2025-topps-chrome-glass-canvas,G89954,basketball-cards-2025-topps-chrome-glass-canvas,2025 Topps Chrome Glass Canvas Basketball Cards
Basketball,https://www.sportscardspro.com/console/basketball-cards-2025-topps-chrome-generation-rising,G89938,basketball-cards-2025-topps-chrome-generation-rising,2025 Topps Chrome Generation Rising Basketball Cards
Basketball,https://www.sportscardspro.com/console/basketball-cards-2025-topps-chrome-future-stars-autograph,G89927,basketball-cards-2025-topps-chrome-future-stars-autograph,2025 Topps Chrome Future Stars Autograph Basketball Cards
Basketball,https://www.sportscardspro.com/console/basketball-cards-2025-topps-chrome-finals,G89958,basketball-cards-2025-topps-chrome-finals,2025 Topps Chrome Finals Basketball Cards
Basketball,https://www.sportscardspro.com/console/basketball-cards-2025-topps-chrome-fanatical,G89957,basketball-cards-2025-topps-chrome-fanatical,2025 Topps Chrome Fanatical Basketball Cards
Basketball,https://www.sportscardspro.com/console/basketball-cards-2025-topps-chrome-destiny,G89934,basketball-cards-2025-topps-chrome-destiny,2025 Topps Chrome Destiny Basketball Cards
Basketball,https://www.sportscardspro.com/console/basketball-cards-2025-topps-chrome-clutch-gene,G89940,basketball-cards-2025-topps-chrome-clutch-gene,2025 Topps Chrome Clutch Gene Basketball Cards
Basketball,https://www.sportscardspro.com/console/basketball-cards-2025-topps-chrome-chromograph-rookie,G89929,basketball-cards-2025-topps-chrome-chromograph-rookie,2025 Topps Chrome Chromograph Rookie Basketball Cards
Basketball,https://www.sportscardspro.com/console/basketball-cards-2025-topps-chrome-chromograph,G89928,basketball-cards-2025-topps-chrome-chromograph,2025 Topps Chrome Chromograph Basketball Cards
Basketball,https://www.sportscardspro.com/console/basketball-cards-2025-topps-chrome,G89919,basketball-cards-2025-topps-chrome,2025 Topps Chrome Basketball Cards
Basketball,https://www.sportscardspro.com/console/basketball-cards-2025-topps-chrome-ball-of-duty,G89949,basketball-cards-2025-topps-chrome-ball-of-duty,2025 Topps Chrome Ball Of Duty Basketball Cards
Basketball,https://www.sportscardspro.com/console/basketball-cards-2025-topps-chrome-autograph-issue-veteran,G89926,basketball-cards-2025-topps-chrome-autograph-issue-veteran,2025 Topps Chrome Autograph Issue Veteran Basketball Cards
Basketball,https://www.sportscardspro.com/console/basketball-cards-2025-topps-chrome-autograph-issue-rookie,G89923,basketball-cards-2025-topps-chrome-autograph-issue-rookie,2025 Topps Chrome Autograph Issue Rookie Basketball Cards
Basketball,https://www.sportscardspro.com/console/basketball-cards-2025-topps-chrome-autograph,G89920,basketball-cards-2025-topps-chrome-autograph,2025 Topps Chrome Autograph Basketball Cards
Basketball,https://www.sportscardspro.com/console/basketball-cards-2025-topps-chrome-advisory,G89953,basketball-cards-2025-topps-chrome-advisory,2025 Topps Chrome Advisory Basketball Cards
Basketball,https://www.sportscardspro.com/console/basketball-cards-2025-topps-chrome-activators,G89951,basketball-cards-2025-topps-chrome-activators,2025 Topps Chrome Activators Basketball Cards
Basketball,https://www.sportscardspro.com/console/basketball-cards-2025-topps-big-box-baller,G87801,basketball-cards-2025-topps-big-box-baller,2025 Topps Big Box Baller Basketball Cards
Basketball,https://www.sportscardspro.com/console/basketball-cards-2025-topps,G87770,basketball-cards-2025-topps,2025 Topps Basketball Cards
Basketball,https://www.sportscardspro.com/console/basketball-cards-2025-topps-all-kings,G87800,basketball-cards-2025-topps-all-kings,2025 Topps All Kings Basketball Cards
Basketball,https://www.sportscardspro.com/console/basketball-cards-2025-topps-8-bit-ballers,G87799,basketball-cards-2025-topps-8-bit-ballers,2025 Topps 8-Bit Ballers Basketball Cards
Basketball,https://www.sportscardspro.com/console/basketball-cards-2025-topps-1980-rookie-autograph,G87772,basketball-cards-2025-topps-1980-rookie-autograph,2025 Topps 1980 Rookie Autograph Basketball Cards
Basketball,https://www.sportscardspro.com/console/basketball-cards-2025-topps-1980-chrome-veteran-autograph,G87775,basketball-cards-2025-topps-1980-chrome-veteran-autograph,2025 Topps 1980 Chrome Veteran Autograph Basketball Cards
Basketball,https://www.sportscardspro.com/console/basketball-cards-2025-topps-1980-chrome-rookie-autograph,G87774,basketball-cards-2025-topps-1980-chrome-rookie-autograph,2025 Topps 1980 Chrome Rookie Autograph Basketball Cards
Basketball,https://www.sportscardspro.com/console/basketball-cards-2025-topps-1980-chrome,G87798,basketball-cards-2025-topps-1980-chrome,2025 Topps 1980 Chrome Basketball Cards
Basketball,https://www.sportscardspro.com/console/basketball-cards-2025-topps-1980,G87797,basketball-cards-2025-topps-1980,2025 Topps 1980 Basketball Cards
Basketball,https://www.sportscardspro.com/console/basketball-cards-2025-topps-1980-autograph,G87771,basketball-cards-2025-topps-1980-autograph,2025 Topps 1980 Autograph Basketball Cards
Basketball,https://www.sportscardspro.com/console/basketball-cards-2025-panini-national-convention,G85149,basketball-cards-2025-panini-national-convention,2025 Panini National Convention Basketball Cards
Basketball,https://www.sportscardspro.com/console/basketball-cards-2025-panini-instant-wnba-supernova,G89663,basketball-cards-2025-panini-instant-wnba-supernova,2025 Panini Instant WNBA Supernova Basketball Cards
Basketball,https://www.sportscardspro.com/console/basketball-cards-2025-panini-instant-wnba-draft-night,G85621,basketball-cards-2025-panini-instant-wnba-draft-night,2025 Panini Instant WNBA Draft Night Basketball Cards
Basketball,https://www.sportscardspro.com/console/basketball-cards-2025-panini-instant-wnba,G83134,basketball-cards-2025-panini-instant-wnba,2025 Panini Instant WNBA Basketball Cards
Basketball,https://www.sportscardspro.com/console/basketball-cards-2025-panini-instant-rated-rookie-retro,G88016,basketball-cards-2025-panini-instant-rated-rookie-retro,2025 Panini Instant Rated Rookie Retro Basketball Cards
Basketball,https://www.sportscardspro.com/console/basketball-cards-2025-panini-instant,G86037,basketball-cards-2025-panini-instant,2025 Panini Instant Basketball Cards
Basketball,https://www.sportscardspro.com/console/basketball-cards-2025-panini-impeccable-wnba-water-colors,G89984,basketball-cards-2025-panini-impeccable-wnba-water-colors,2025 Panini Impeccable WNBA Water Colors Basketball Cards
Basketball,https://www.sportscardspro.com/console/basketball-cards-2025-panini-impeccable-wnba-timeless-moments-signature,G89983,basketball-cards-2025-panini-impeccable-wnba-timeless-moments-signature,2025 Panini Impeccable WNBA Timeless Moments Signature Basketball Cards
Basketball,https://www.sportscardspro.com/console/basketball-cards-2025-panini-impeccable-wnba-stats-autograph,G89980,basketball-cards-2025-panini-impeccable-wnba-stats-autograph,2025 Panini Impeccable WNBA Stats Autograph Basketball Cards
Basketball,https://www.sportscardspro.com/console/basketball-cards-2025-panini-impeccable-wnba-stars-signature,G89978,basketball-cards-2025-panini-impeccable-wnba-stars-signature,2025 Panini Impeccable WNBA Stars Signature Basketball Cards
Basketball,https://www.sportscardspro.com/console/basketball-cards-2025-panini-impeccable-wnba-stainless-stars,G89987,basketball-cards-2025-panini-impeccable-wnba-stainless-stars,2025 Panini Impeccable WNBA Stainless Stars Basketball Cards
Basketball,https://www.sportscardspro.com/console/basketball-cards-2025-panini-impeccable-wnba-silver-logo,G89986,basketball-cards-2025-panini-impeccable-wnba-silver-logo,2025 Panini Impeccable WNBA Silver Logo Basketball Cards
Basketball,https://www.sportscardspro.com/console/basketball-cards-2025-panini-impeccable-wnba-silver-hall-of-fame-logo,G89985,basketball-cards-2025-panini-impeccable-wnba-silver-hall-of-fame-logo,2025 Panini Impeccable WNBA Silver Hall Of Fame Logo Basketball Cards
Basketball,https://www.sportscardspro.com/console/basketball-cards-2025-panini-impeccable-wnba-jersey-number-autograph,G89976,basketball-cards-2025-panini-impeccable-wnba-jersey-number-autograph,2025 Panini Impeccable WNBA Jersey Number Autograph Basketball Cards
Basketball,https://www.sportscardspro.com/console/basketball-cards-2025-panini-impeccable-wnba-indelible-ink-signature,G89982,basketball-cards-2025-panini-impeccable-wnba-indelible-ink-signature,2025 Panini Impeccable WNBA Indelible Ink Signature Basketball Cards
Basketball,https://www.sportscardspro.com/console/basketball-cards-2025-panini-impeccable-wnba-honors-signature,G89975,basketball-cards-2025-panini-impeccable-wnba-honors-signature,2025 Panini Impeccable WNBA Honors Signature Basketball Cards
Basketball,https://www.sportscardspro.com/console/basketball-cards-2025-panini-impeccable-wnba-hall-of-fame-signature,G89974,basketball-cards-2025-panini-impeccable-wnba-hall-of-fame-signature,2025 Panini Impeccable WNBA Hall Of Fame Signature Basketball Cards
Basketball,https://www.sportscardspro.com/console/basketball-cards-2025-panini-impeccable-wnba-elegance-jersey-autograph,G89969,basketball-cards-2025-panini-impeccable-wnba-elegance-jersey-autograph,2025 Panini Impeccable WNBA Elegance Jersey Autograph Basketball Cards
Basketball,https://www.sportscardspro.com/console/basketball-cards-2025-panini-impeccable-wnba-dressed-signature,G89981,basketball-cards-2025-panini-impeccable-wnba-dressed-signature,2025 Panini Impeccable WNBA Dressed Signature Basketball Cards
Basketball,https://www.sportscardspro.com/console/basketball-cards-2025-panini-impeccable-wnba-draft-pick-signature,G89973,basketball-cards-2025-panini-impeccable-wnba-draft-pick-signature,2025 Panini Impeccable WNBA Draft Pick Signature Basketball Cards
Basketball,https://www.sportscardspro.com/console/basketball-cards-2025-panini-impeccable-wnba-championship-signature,G89972,basketball-cards-2025-panini-impeccable-wnba-championship-signature,2025 Panini Impeccable WNBA Championship Signature Basketball Cards
Basketball,https://www.sportscardspro.com/console/basketball-cards-2025-panini-impeccable-wnba-champions-signature,G89967,basketball-cards-2025-panini-impeccable-wnba-champions-signature,2025 Panini Impeccable WNBA Champions Signature Basketball Cards
Basketball,https://www.sportscardspro.com/console/basketball-cards-2025-panini-impeccable-wnba-canvas-creations,G89968,basketball-cards-2025-panini-impeccable-wnba-canvas-creations,2025 Panini Impeccable WNBA Canvas Creations Basketball Cards
Basketball,https://www.sportscardspro.com/console/basketball-cards-2025-panini-impeccable-wnba,G89966,basketball-cards-2025-panini-impeccable-wnba,2025 Panini Impeccable WNBA Basketball Cards
Basketball,https://www.sportscardspro.com/console/basketball-cards-2025-panini-impeccable-wnba-award-winning-signature,G89971,basketball-cards-2025-panini-impeccable-wnba-award-winning-signature,2025 Panini Impeccable WNBA Award Winning Signature Basketball Cards
Basketball,https://www.sportscardspro.com/console/basketball-cards-2025-panini-impeccable-wnba-all-star-signature,G89970,basketball-cards-2025-panini-impeccable-wnba-all-star-signature,2025 Panini Impeccable WNBA All-Star Signature Basketball Cards
Basketball,https://www.sportscardspro.com/console/basketball-cards-2025-panini-donruss-wnba-tunnel-vision,G87627,basketball-cards-2025-panini-donruss-wnba-tunnel-vision,2025 Panini Donruss WNBA Tunnel Vision Basketball Cards
Basketball,https://www.sportscardspro.com/console/basketball-cards-2025-panini-donruss-wnba-signature-series,G87610,basketball-cards-2025-panini-donruss-wnba-signature-series,2025 Panini Donruss WNBA Signature Series Basketball Cards
Basketball,https://www.sportscardspro.com/console/basketball-cards-2025-panini-donruss-wnba-season-highlights,G87626,basketball-cards-2025-panini-donruss-wnba-season-highlights,2025 Panini Donruss WNBA Season Highlights Basketball Cards
Basketball,https://www.sportscardspro.com/console/basketball-cards-2025-panini-donruss-wnba-rookie-jersey,G87612,basketball-cards-2025-panini-donruss-wnba-rookie-jersey,2025 Panini Donruss WNBA Rookie Jersey Basketball Cards
Basketball,https://www.sportscardspro.com/console/basketball-cards-2025-panini-donruss-wnba-road-to-the-finals-wnba-championship,G87625,basketball-cards-2025-panini-donruss-wnba-road-to-the-finals-wnba-championship,2025 Panini Donruss WNBA Road To The Finals WNBA Championship Basketball Cards
Basketball,https://www.sportscardspro.com/console/basketball-cards-2025-panini-donruss-wnba-road-to-the-finals-second-round,G87624,basketball-cards-2025-panini-donruss-wnba-road-to-the-finals-second-round,2025 Panini Donruss WNBA Road To The Finals Second Round Basketball Cards
Basketball,https://www.sportscardspro.com/console/basketball-cards-2025-panini-donruss-wnba-road-to-the-finals-first-round,G87623,basketball-cards-2025-panini-donruss-wnba-road-to-the-finals-first-round,2025 Panini Donruss WNBA Road To The Finals First Round Basketball Cards
Basketball,https://www.sportscardspro.com/console/basketball-cards-2025-panini-donruss-wnba-private-signing,G87609,basketball-cards-2025-panini-donruss-wnba-private-signing,2025 Panini Donruss WNBA Private Signing Basketball Cards
Basketball,https://www.sportscardspro.com/console/basketball-cards-2025-panini-donruss-wnba-pinnacle-executive-collection-retro,G87613,basketball-cards-2025-panini-donruss-wnba-pinnacle-executive-collection-retro,2025 Panini Donruss WNBA Pinnacle Executive Collection Retro Basketball Cards
Basketball,https://www.sportscardspro.com/console/basketball-cards-2025-panini-donruss-wnba-night-moves,G87622,basketball-cards-2025-panini-donruss-wnba-night-moves,2025 Panini Donruss WNBA Night Moves Basketball Cards
Basketball,https://www.sportscardspro.com/console/basketball-cards-2025-panini-donruss-wnba-next-day-autograph,G87608,basketball-cards-2025-panini-donruss-wnba-next-day-autograph,2025 Panini Donruss WNBA Next Day Autograph Basketball Cards
Basketball,https://www.sportscardspro.com/console/basketball-cards-2025-panini-donruss-wnba-net-marvels,G87621,basketball-cards-2025-panini-donruss-wnba-net-marvels,2025 Panini Donruss WNBA Net Marvels Basketball Cards
Basketball,https://www.sportscardspro.com/console/basketball-cards-2025-panini-donruss-wnba-my-house,G87620,basketball-cards-2025-panini-donruss-wnba-my-house,2025 Panini Donruss WNBA My House Basketball Cards
Basketball,https://www.sportscardspro.com/console/basketball-cards-2025-panini-donruss-wnba-mascot,G87619,basketball-cards-2025-panini-donruss-wnba-mascot,2025 Panini Donruss WNBA Mascot Basketball Cards
Basketball,https://www.sportscardspro.com/console/basketball-cards-2025-panini-donruss-wnba-legendary-signature,G87607,basketball-cards-2025-panini-donruss-wnba-legendary-signature,2025 Panini Donruss WNBA Legendary Signature Basketball Cards
Basketball,https://www.sportscardspro.com/console/basketball-cards-2025-panini-donruss-wnba-jersey-series,G87611,basketball-cards-2025-panini-donruss-wnba-jersey-series,2025 Panini Donruss WNBA Jersey Series Basketball Cards
Basketball,https://www.sportscardspro.com/console/basketball-cards-2025-panini-donruss-wnba-franchise-features,G87618,basketball-cards-2025-panini-donruss-wnba-franchise-features,2025 Panini Donruss WNBA Franchise Features Basketball Cards
Basketball,https://www.sportscardspro.com/console/basketball-cards-2025-panini-donruss-wnba-downtown,G87617,basketball-cards-2025-panini-donruss-wnba-downtown,2025 Panini Donruss WNBA Downtown Basketball Cards
Basketball,https://www.sportscardspro.com/console/basketball-cards-2025-panini-donruss-wnba-crunch-time,G87616,basketball-cards-2025-panini-donruss-wnba-crunch-time,2025 Panini Donruss WNBA Crunch Time Basketball Cards
Basketball,https://www.sportscardspro.com/console/basketball-cards-2025-panini-donruss-wnba-courtside,G87615,basketball-cards-2025-panini-donruss-wnba-courtside,2025 Panini Donruss WNBA Courtside Basketball Cards
Basketball,https://www.sportscardspro.com/console/basketball-cards-2025-panini-donruss-wnba-championship-moments,G87614,basketball-cards-2025-panini-donruss-wnba-championship-moments,2025 Panini Donruss WNBA Championship Moments Basketball Cards
Basketball,https://www.sportscardspro.com/console/basketball-cards-2025-panini-donruss-wnba,G87606,basketball-cards-2025-panini-donruss-wnba,2025 Panini Donruss WNBA Basketball Cards
Basketball,https://www.sportscardspro.com/console/basketball-cards-2025-panini-caitlin-clark-chronicled,G89762,basketball-cards-2025-panini-caitlin-clark-chronicled,2025 Panini Caitlin Clark Chronicled Basketball Cards