1,2,3,4,5,6,7,8,9,10,Gemrate_id,Universal_gemrate_id,Name,Parallel,Card #,Card Description,Gems,Total,Gem Rate - All Time,Gem Rate - Past Month,Graded Past Month,Graded Prior Month,30 Day Momentum,1 Year Trend,All PSA Graded,PSA 10s,All Graded Sales,Recent Cert,Universal Pop,Last Gem,Last Graded,Dual Grades,Dual Grade %,Detailed Trend,A,% Distribution
0%,0%,0%,0%,0%,2%,1%,19%,58%,21%,e2e95c18426d16e432f94889084c86eedd97459f,e2e95c18426d16e432f94889084c86eedd97459f,Stephon Castle,Variation-Fast Break,234,Stephon Castle Variation-Fast Break 234,21,102,21%,0%,6,2,200%,"0, 0, 0, 0, 0, 0, 0, 0, 1, 1, 2, 2, 4, 5, 10, 13, 15, 18, 20, 28, 33, 41, 43, 45, 48, 49, 53, 55, 61, 68, 71, 73, 75, 81, 82, 84, 85, 87, 87, 89, 90, 91, 92, 94, 95, 96, 96, 96, 98, 99, 101, 102",https://app.cardladder.com/search?gemRateId=e2e95c18426d16e432f94889084c86eedd97459f,https://app.cardladder.com/search?gemRateId=e2e95c18426d16e432f94889084c86eedd97459f,https://app.cardladder.com/search?gemRateId=e2e95c18426d16e432f94889084c86eedd97459f,https://www.psacard.com/cert/132241150/psa,https://www.gemrate.com/universal-search?gemrate_id=e2e95c18426d16e432f94889084c86eedd97459f,2025-12-23,2026-03-02,0,0%,,0%,"0, 0, 0, 0, 0, 0, 2, 1, 18.6, 57.8, 20.6"
0%,0%,0%,0%,0%,0%,0%,10%,58%,31%,64765a905c1a0fcf3cb9b7cfbf448686d495d55d,64765a905c1a0fcf3cb9b7cfbf448686d495d55d,Matas Buzelis,Variation-Fast Break,252,Matas Buzelis Variation-Fast Break 252,26,83,31%,0%,2,7,-71%,"0, 0, 0, 0, 0, 0, 0, 1, 1, 1, 1, 2, 5, 5, 9, 9, 13, 14, 17, 23, 26, 33, 33, 33, 38, 40, 43, 45, 45, 46, 48, 49, 51, 59, 61, 66, 68, 69, 69, 70, 71, 72, 72, 74, 76, 77, 80, 81, 82, 82, 82, 83",https://app.cardladder.com/search?gemRateId=64765a905c1a0fcf3cb9b7cfbf448686d495d55d,https://app.cardladder.com/search?gemRateId=64765a905c1a0fcf3cb9b7cfbf448686d495d55d,https://app.cardladder.com/search?gemRateId=64765a905c1a0fcf3cb9b7cfbf448686d495d55d,https://www.psacard.com/cert/139246064/psa,https://www.gemrate.com/universal-search?gemrate_id=64765a905c1a0fcf3cb9b7cfbf448686d495d55d,2026-01-22,2026-02-24,0,0%,,0%,"0, 0, 0, 0, 0, 0, 0, 0, 9.6, 57.8, 31.3"
0%,0%,0%,0%,0%,0%,2%,19%,48%,29%,afe51db0fabd23fcdf97ff8c24c6dd54c0cec8aa,afe51db0fabd23fcdf97ff8c24c6dd54c0cec8aa,Jared McCain,Variation-Fast Break,222,Jared McCain Variation-Fast Break 222,18,62,29%,25%,4,3,33%,"0, 0, 0, 0, 0, 0, 0, 0, 0, 0, 2, 4, 7, 11, 13, 15, 18, 18, 20, 21, 23, 24, 25, 27, 27, 30, 31, 32, 35, 41, 41, 42, 43, 45, 50, 53, 53, 54, 54, 54, 55, 55, 55, 55, 56, 57, 58, 58, 59, 59, 61, 62",https://app.cardladder.com/search?gemRateId=afe51db0fabd23fcdf97ff8c24c6dd54c0cec8aa,https://app.cardladder.com/search?gemRateId=afe51db0fabd23fcdf97ff8c24c6dd54c0cec8aa,https://app.cardladder.com/search?gemRateId=afe51db0fabd23fcdf97ff8c24c6dd54c0cec8aa,https://www.psacard.com/cert/133714823/psa,https://www.gemrate.com/universal-search?gemrate_id=afe51db0fabd23fcdf97ff8c24c6dd54c0cec8aa,2026-02-03,2026-02-24,0,0%,,0%,"0, 0, 0, 0, 0, 0, 0, 1.6, 19.4, 48.4, 29"
0%,0%,0%,0%,0%,0%,2%,19%,48%,31%,d2037b4fa172592bdbf081fb8064a605c44711d6,d2037b4fa172592bdbf081fb8064a605c44711d6,Zaccharie Risacher,Variation-Fast Break,265,Zaccharie Risacher Variation-Fast Break 265,17,54,31%,50%,2,1,100%,"0, 0, 0, 0, 0, 0, 0, 0, 0, 1, 2, 2, 2, 4, 5, 5, 8, 10, 12, 16, 20, 24, 26, 26, 28, 31, 31, 32, 33, 37, 38, 40, 40, 42, 43, 46, 46, 47, 47, 49, 50, 51, 51, 51, 51, 51, 52, 52, 53, 54, 54, 54",https://app.cardladder.com/search?gemRateId=d2037b4fa172592bdbf081fb8064a605c44711d6,https://app.cardladder.com/search?gemRateId=d2037b4fa172592bdbf081fb8064a605c44711d6,https://app.cardladder.com/search?gemRateId=d2037b4fa172592bdbf081fb8064a605c44711d6,https://www.psacard.com/cert/127529507/psa,https://www.gemrate.com/universal-search?gemrate_id=d2037b4fa172592bdbf081fb8064a605c44711d6,2026-02-03,2026-02-14,0,0%,,0%,"0, 0, 0, 0, 0, 0, 0, 1.9, 18.5, 48.1, 31.5"
0%,0%,0%,0%,2%,0%,4%,16%,67%,12%,9fefdc03752061c5ba2a5441411fccf4084d94c1,9fefdc03752061c5ba2a5441411fccf4084d94c1,Bronny James Jr.,Variation-Fast Break,243,Bronny James Jr. Variation-Fast Break 243,6,51,12%,,0,5,-100%,"0, 0, 0, 0, 0, 0, 0, 0, 0, 1, 1, 3, 5, 6, 8, 9, 11, 13, 13, 14, 16, 19, 21, 23, 27, 28, 28, 33, 33, 33, 34, 35, 35, 36, 38, 40, 42, 43, 43, 44, 45, 46, 46, 46, 46, 47, 51, 51, 51, 51, 51, 51",https://app.cardladder.com/search?gemRateId=9fefdc03752061c5ba2a5441411fccf4084d94c1,https://app.cardladder.com/search?gemRateId=9fefdc03752061c5ba2a5441411fccf4084d94c1,https://app.cardladder.com/search?gemRateId=9fefdc03752061c5ba2a5441411fccf4084d94c1,https://www.psacard.com/cert/128122419/psa,https://www.gemrate.com/universal-search?gemrate_id=9fefdc03752061c5ba2a5441411fccf4084d94c1,2025-12-12,2026-01-26,0,0%,,0%,"0, 0, 0, 0, 0, 2, 0, 3.9, 15.7, 66.7, 11.8"
0%,0%,0%,0%,0%,0%,0%,10%,62%,28%,fda8ec30f208417f620d37defd8ff57a26480a2c,fda8ec30f208417f620d37defd8ff57a26480a2c,Alexandre Sarr,Variation-Fast Break,264,Alexandre Sarr Variation-Fast Break 264,14,50,28%,50%,2,2,0%,"0, 0, 0, 0, 0, 0, 0, 0, 0, 1, 1, 2, 3, 4, 5, 8, 8, 10, 14, 14, 15, 18, 18, 18, 19, 25, 28, 30, 31, 34, 36, 37, 37, 39, 39, 41, 42, 43, 44, 45, 45, 45, 46, 46, 46, 46, 48, 48, 49, 50, 50, 50",https://app.cardladder.com/search?gemRateId=fda8ec30f208417f620d37defd8ff57a26480a2c,https://app.cardladder.com/search?gemRateId=fda8ec30f208417f620d37defd8ff57a26480a2c,https://app.cardladder.com/search?gemRateId=fda8ec30f208417f620d37defd8ff57a26480a2c,https://www.psacard.com/cert/139040448/psa,https://www.gemrate.com/universal-search?gemrate_id=fda8ec30f208417f620d37defd8ff57a26480a2c,2026-02-13,2026-02-13,0,0%,,0%,"0, 0, 0, 0, 0, 0, 0, 0, 10, 62, 28"
0%,0%,0%,0%,0%,5%,3%,8%,54%,30%,be8c520a6b4a1ee436e90d98381b3103f9ce8509,be8c520a6b4a1ee436e90d98381b3103f9ce8509,Dalton Knecht,Variation-Fast Break,238,Dalton Knecht Variation-Fast Break 238,11,37,30%,,0,0,,"0, 0, 0, 0, 0, 0, 0, 0, 0, 1, 1, 1, 4, 7, 10, 10, 11, 13, 13, 15, 15, 17, 19, 19, 20, 22, 22, 22, 23, 25, 25, 25, 26, 29, 29, 32, 32, 35, 35, 35, 35, 37, 37, 37, 37, 37, 37, 37, 37, 37, 37, 37",https://app.cardladder.com/search?gemRateId=be8c520a6b4a1ee436e90d98381b3103f9ce8509,https://app.cardladder.com/search?gemRateId=be8c520a6b4a1ee436e90d98381b3103f9ce8509,https://app.cardladder.com/search?gemRateId=be8c520a6b4a1ee436e90d98381b3103f9ce8509,https://www.psacard.com/cert/128157632/psa,https://www.gemrate.com/universal-search?gemrate_id=be8c520a6b4a1ee436e90d98381b3103f9ce8509,2025-11-18,2026-01-22,0,0%,,0%,"0, 0, 0, 0, 0, 0, 5.4, 2.7, 8.1, 54.1, 29.7"
0%,0%,0%,0%,0%,0%,0%,19%,59%,22%,41cdec919bc4891cc1785bf3daf47a8ac16de236,41cdec919bc4891cc1785bf3daf47a8ac16de236,Reed Sheppard,Variation-Fast Break,268,Reed Sheppard Variation-Fast Break 268,8,37,22%,33%,3,1,200%,"0, 0, 0, 0, 0, 0, 1, 1, 1, 2, 3, 4, 5, 5, 8, 9, 10, 10, 11, 13, 14, 15, 16, 16, 17, 19, 20, 21, 22, 24, 24, 24, 25, 26, 26, 30, 30, 32, 32, 32, 32, 33, 33, 33, 33, 33, 33, 34, 34, 35, 36, 37",https://app.cardladder.com/search?gemRateId=41cdec919bc4891cc1785bf3daf47a8ac16de236,https://app.cardladder.com/search?gemRateId=41cdec919bc4891cc1785bf3daf47a8ac16de236,https://app.cardladder.com/search?gemRateId=41cdec919bc4891cc1785bf3daf47a8ac16de236,https://www.psacard.com/cert/121923184/psa,https://www.gemrate.com/universal-search?gemrate_id=41cdec919bc4891cc1785bf3daf47a8ac16de236,2026-02-28,2026-02-28,0,0%,,0%,"0, 0, 0, 0, 0, 0, 0, 0, 18.9, 59.5, 21.6"
0%,0%,0%,0%,0%,4%,4%,15%,54%,19%,abdd5e5bb69193aee744eee0c41b5020b1e17ef6,abdd5e5bb69193aee744eee0c41b5020b1e17ef6,Rob Dillingham,Variation-Fast Break,250,Rob Dillingham Variation-Fast Break 250,5,26,19%,,0,0,,"0, 0, 0, 0, 0, 0, 0, 0, 0, 0, 1, 2, 6, 7, 8, 8, 8, 8, 10, 10, 11, 14, 15, 15, 16, 20, 20, 20, 20, 20, 22, 22, 23, 25, 25, 25, 25, 25, 25, 25, 25, 25, 26, 26, 26, 26, 26, 26, 26, 26, 26, 26",https://app.cardladder.com/search?gemRateId=abdd5e5bb69193aee744eee0c41b5020b1e17ef6,https://app.cardladder.com/search?gemRateId=abdd5e5bb69193aee744eee0c41b5020b1e17ef6,https://app.cardladder.com/search?gemRateId=abdd5e5bb69193aee744eee0c41b5020b1e17ef6,https://www.psacard.com/cert/120676806/psa,https://www.gemrate.com/universal-search?gemrate_id=abdd5e5bb69193aee744eee0c41b5020b1e17ef6,2025-10-03,2026-01-22,1,4%,,4%,"3.8, 0, 0, 0, 0, 0, 3.8, 3.8, 15.4, 53.8, 19.2"
0%,0%,0%,0%,0%,0%,0%,4%,58%,38%,b46237ec80b38aa2dbaf9a4a610730d2388efdf5,b46237ec80b38aa2dbaf9a4a610730d2388efdf5,Zach Edey,Variation-Fast Break,249,Zach Edey Variation-Fast Break 249,9,24,38%,,0,1,-100%,"0, 0, 0, 0, 0, 0, 0, 0, 0, 0, 0, 0, 0, 2, 4, 4, 5, 6, 7, 9, 9, 11, 11, 11, 11, 15, 16, 16, 18, 18, 20, 20, 20, 20, 21, 21, 21, 21, 22, 22, 22, 22, 23, 23, 24, 24, 24, 24, 24, 24, 24, 24",https://app.cardladder.com/search?gemRateId=b46237ec80b38aa2dbaf9a4a610730d2388efdf5,https://app.cardladder.com/search?gemRateId=b46237ec80b38aa2dbaf9a4a610730d2388efdf5,https://app.cardladder.com/search?gemRateId=b46237ec80b38aa2dbaf9a4a610730d2388efdf5,https://www.psacard.com/cert/120445627/psa,https://www.gemrate.com/universal-search?gemrate_id=b46237ec80b38aa2dbaf9a4a610730d2388efdf5,2025-09-22,2026-01-22,0,0%,,0%,"0, 0, 0, 0, 0, 0, 0, 0, 4.2, 58.3, 37.5"
0%,0%,0%,0%,0%,4%,0%,9%,70%,17%,47cc669a782044adcea30f613a16513f0a7d39dc,47cc669a782044adcea30f613a16513f0a7d39dc,Nikola Topic,Variation-Fast Break,230,Nikola Topic Variation-Fast Break 230,4,23,17%,0%,2,0,,"0, 0, 0, 0, 0, 0, 0, 0, 0, 0, 0, 1, 1, 1, 2, 2, 2, 2, 8, 8, 11, 11, 11, 11, 11, 11, 11, 13, 14, 14, 14, 14, 15, 15, 17, 18, 18, 18, 18, 20, 20, 20, 21, 21, 21, 21, 21, 21, 22, 22, 23, 23",https://app.cardladder.com/search?gemRateId=47cc669a782044adcea30f613a16513f0a7d39dc,https://app.cardladder.com/search?gemRateId=47cc669a782044adcea30f613a16513f0a7d39dc,https://app.cardladder.com/search?gemRateId=47cc669a782044adcea30f613a16513f0a7d39dc,https://www.psacard.com/cert/133419088/psa,https://www.gemrate.com/universal-search?gemrate_id=47cc669a782044adcea30f613a16513f0a7d39dc,2025-12-05,2026-02-19,0,0%,,0%,"0, 0, 0, 0, 0, 0, 4.3, 0, 8.7, 69.6, 17.4"
0%,0%,0%,0%,0%,0%,0%,15%,65%,20%,caa7cbb0a8e451058254fd03695278005c44d907,caa7cbb0a8e451058254fd03695278005c44d907,Bub Carrington,Variation-Fast Break,244,Bub Carrington Variation-Fast Break 244,4,20,20%,0%,1,0,,"0, 0, 0, 0, 0, 0, 0, 0, 0, 0, 1, 1, 2, 2, 2, 2, 2, 4, 7, 8, 9, 10, 10, 10, 11, 14, 14, 16, 17, 17, 17, 18, 18, 18, 18, 18, 18, 18, 18, 18, 18, 19, 19, 19, 19, 19, 19, 19, 20, 20, 20, 20",https://app.cardladder.com/search?gemRateId=caa7cbb0a8e451058254fd03695278005c44d907,https://app.cardladder.com/search?gemRateId=caa7cbb0a8e451058254fd03695278005c44d907,https://app.cardladder.com/search?gemRateId=caa7cbb0a8e451058254fd03695278005c44d907,https://www.psacard.com/cert/119015134/psa,https://www.gemrate.com/universal-search?gemrate_id=caa7cbb0a8e451058254fd03695278005c44d907,2025-09-10,2026-02-04,0,0%,,0%,"0, 0, 0, 0, 0, 0, 0, 0, 15, 65, 20"
0%,0%,0%,0%,0%,0%,5%,0%,68%,26%,7bbe50a3b42367a913d3c75ebd26cf5c217ff95f,7bbe50a3b42367a913d3c75ebd26cf5c217ff95f,Kel'El Ware,Variation-Fast Break,248,Kel'El Ware Variation-Fast Break 248,5,19,26%,,0,0,,"0, 0, 0, 0, 0, 0, 0, 0, 0, 0, 1, 1, 2, 3, 3, 6, 7, 7, 7, 7, 7, 8, 9, 9, 9, 11, 12, 13, 13, 13, 13, 13, 14, 16, 16, 16, 16, 16, 16, 18, 18, 19, 19, 19, 19, 19, 19, 19, 19, 19, 19, 19",https://app.cardladder.com/search?gemRateId=7bbe50a3b42367a913d3c75ebd26cf5c217ff95f,https://app.cardladder.com/search?gemRateId=7bbe50a3b42367a913d3c75ebd26cf5c217ff95f,https://app.cardladder.com/search?gemRateId=7bbe50a3b42367a913d3c75ebd26cf5c217ff95f,https://www.psacard.com/cert/120725859/psa,https://www.gemrate.com/universal-search?gemrate_id=7bbe50a3b42367a913d3c75ebd26cf5c217ff95f,2025-10-14,2026-01-22,0,0%,,0%,"0, 0, 0, 0, 0, 0, 0, 5.3, 0, 68.4, 26.3"
0%,0%,0%,0%,0%,0%,7%,14%,71%,7%,b1074340287c1695bf299a97e8cbe94f87e36a89,b1074340287c1695bf299a97e8cbe94f87e36a89,Donovan Clingan,Variation-Fast Break,221,Donovan Clingan Variation-Fast Break 221,1,14,7%,0%,1,0,,"0, 0, 0, 0, 0, 0, 0, 0, 0, 1, 1, 2, 2, 2, 2, 2, 3, 4, 4, 5, 7, 7, 7, 7, 7, 7, 7, 7, 8, 8, 9, 9, 9, 9, 9, 10, 10, 10, 10, 10, 12, 12, 13, 13, 13, 13, 13, 13, 13, 13, 14, 14",https://app.cardladder.com/search?gemRateId=b1074340287c1695bf299a97e8cbe94f87e36a89,https://app.cardladder.com/search?gemRateId=b1074340287c1695bf299a97e8cbe94f87e36a89,https://app.cardladder.com/search?gemRateId=b1074340287c1695bf299a97e8cbe94f87e36a89,https://www.psacard.com/cert/115197222/psa,https://www.gemrate.com/universal-search?gemrate_id=b1074340287c1695bf299a97e8cbe94f87e36a89,2025-07-02,2026-02-19,0,0%,,0%,"0, 0, 0, 0, 0, 0, 0, 7.1, 14.3, 71.4, 7.1"
0%,0%,0%,0%,0%,0%,0%,58%,25%,8%,2e1a6fac38ba50b1e41929dd05d273a5fe7f2887,2e1a6fac38ba50b1e41929dd05d273a5fe7f2887,Stephon Castle,Variation-Bronze Fast Break,234,Stephon Castle Variation-Bronze Fast Break 234,1,12,8%,0%,1,0,,"0, 0, 0, 0, 0, 0, 1, 1, 1, 1, 1, 1, 1, 1, 2, 3, 3, 4, 4, 4, 4, 4, 5, 5, 5, 7, 7, 7, 8, 8, 8, 9, 9, 9, 9, 9, 9, 10, 10, 11, 11, 11, 11, 11, 11, 11, 11, 11, 11, 12, 12, 12",https://app.cardladder.com/search?gemRateId=2e1a6fac38ba50b1e41929dd05d273a5fe7f2887,https://app.cardladder.com/search?gemRateId=2e1a6fac38ba50b1e41929dd05d273a5fe7f2887,https://app.cardladder.com/search?gemRateId=2e1a6fac38ba50b1e41929dd05d273a5fe7f2887,https://www.psacard.com/cert/128228968/psa,https://www.gemrate.com/universal-search?gemrate_id=2e1a6fac38ba50b1e41929dd05d273a5fe7f2887,2025-09-16,2026-02-13,0,0%,,0%,"0, 0, 0, 0, 0, 0, 0, 0, 58.3, 25, 8.3"
0%,0%,0%,0%,0%,0%,0%,8%,83%,8%,e90e9b806fad1a8eedd3356f9d6ba50be848e34a,e90e9b806fad1a8eedd3356f9d6ba50be848e34a,Ron Holland II,Variation-Fast Break,269,Ron Holland II Variation-Fast Break 269,1,12,8%,0%,1,0,,"0, 0, 0, 0, 0, 0, 0, 0, 0, 0, 0, 0, 1, 3, 3, 3, 3, 6, 6, 7, 7, 7, 7, 7, 7, 7, 7, 7, 8, 8, 8, 8, 8, 8, 8, 8, 9, 10, 10, 11, 11, 11, 11, 11, 11, 11, 11, 11, 11, 11, 11, 12",https://app.cardladder.com/search?gemRateId=e90e9b806fad1a8eedd3356f9d6ba50be848e34a,https://app.cardladder.com/search?gemRateId=e90e9b806fad1a8eedd3356f9d6ba50be848e34a,https://app.cardladder.com/search?gemRateId=e90e9b806fad1a8eedd3356f9d6ba50be848e34a,https://www.psacard.com/cert/113967306/psa,https://www.gemrate.com/universal-search?gemrate_id=e90e9b806fad1a8eedd3356f9d6ba50be848e34a,2025-07-15,2026-02-24,0,0%,,0%,"0, 0, 0, 0, 0, 0, 0, 0, 8.3, 83.3, 8.3"
0%,0%,0%,0%,0%,0%,11%,0%,56%,33%,007acf3cf50e75c14a094f1a73b1b6c72b325793,007acf3cf50e75c14a094f1a73b1b6c72b325793,Tidjane Salaun,Variation-Fast Break,262,Tidjane Salaun Variation-Fast Break 262,3,9,33%,,0,0,,"0, 0, 0, 0, 0, 0, 0, 0, 0, 2, 2, 2, 3, 4, 5, 5, 5, 5, 5, 5, 5, 7, 7, 7, 7, 7, 7, 7, 7, 7, 7, 8, 9, 9, 9, 9, 9, 9, 9, 9, 9, 9, 9, 9, 9, 9, 9, 9, 9, 9, 9, 9",https://app.cardladder.com/search?gemRateId=007acf3cf50e75c14a094f1a73b1b6c72b325793,https://app.cardladder.com/search?gemRateId=007acf3cf50e75c14a094f1a73b1b6c72b325793,https://app.cardladder.com/search?gemRateId=007acf3cf50e75c14a094f1a73b1b6c72b325793,https://www.psacard.com/cert/114432837/psa,https://www.gemrate.com/universal-search?gemrate_id=007acf3cf50e75c14a094f1a73b1b6c72b325793,2025-07-31,2026-01-22,0,0%,,0%,"0, 0, 0, 0, 0, 0, 0, 11.1, 0, 55.6, 33.3"
0%,0%,0%,0%,0%,0%,0%,38%,50%,13%,f1afe65303e819a4a69417af2cf217f0241a2096,f1afe65303e819a4a69417af2cf217f0241a2096,Tristan DA Silva,Variation-Fast Break,256,Tristan DA Silva Variation-Fast Break 256,1,8,13%,,0,0,,"0, 0, 0, 0, 0, 0, 0, 0, 0, 0, 3, 3, 3, 3, 3, 3, 4, 4, 4, 5, 5, 5, 5, 5, 5, 5, 5, 6, 6, 7, 7, 7, 7, 8, 8, 8, 8, 8, 8, 8, 8, 8, 8, 8, 8, 8, 8, 8, 8, 8, 8, 8",https://app.cardladder.com/search?gemRateId=f1afe65303e819a4a69417af2cf217f0241a2096,https://app.cardladder.com/search?gemRateId=f1afe65303e819a4a69417af2cf217f0241a2096,https://app.cardladder.com/search?gemRateId=f1afe65303e819a4a69417af2cf217f0241a2096,https://www.psacard.com/cert/113967311/psa,https://www.gemrate.com/universal-search?gemrate_id=f1afe65303e819a4a69417af2cf217f0241a2096,2025-07-15,2026-01-22,0,0%,,0%,"0, 0, 0, 0, 0, 0, 0, 0, 37.5, 50, 12.5"
0%,0%,0%,0%,0%,0%,0%,0%,71%,29%,bc8cc1cd73204b65e174bb1cd6442d002fb32af8,bc8cc1cd73204b65e174bb1cd6442d002fb32af8,Ja'Kobe Walter,Variation-Fast Break,223,Ja'Kobe Walter Variation-Fast Break 223,2,7,29%,,0,1,-100%,"0, 0, 0, 0, 0, 0, 0, 0, 0, 0, 0, 0, 0, 0, 0, 1, 3, 3, 3, 3, 3, 3, 3, 3, 3, 3, 3, 3, 5, 5, 5, 5, 5, 5, 6, 6, 6, 6, 6, 6, 6, 6, 6, 7, 7, 7, 7, 7, 7, 7, 7, 7",https://app.cardladder.com/search?gemRateId=bc8cc1cd73204b65e174bb1cd6442d002fb32af8,https://app.cardladder.com/search?gemRateId=bc8cc1cd73204b65e174bb1cd6442d002fb32af8,https://app.cardladder.com/search?gemRateId=bc8cc1cd73204b65e174bb1cd6442d002fb32af8,https://www.psacard.com/cert/127649965/psa,https://www.gemrate.com/universal-search?gemrate_id=bc8cc1cd73204b65e174bb1cd6442d002fb32af8,2025-10-29,2026-01-22,0,0%,,0%,"0, 0, 0, 0, 0, 0, 0, 0, 0, 71.4, 28.6"
0%,0%,0%,0%,0%,0%,0%,0%,100%,0%,d85956c8d7d89cea8e7f88127433decdc9489618,d85956c8d7d89cea8e7f88127433decdc9489618,Alexandre Sarr,Variation-Bronze Fast Break,264,Alexandre Sarr Variation-Bronze Fast Break 264,0,7,0%,,0,1,-100%,"0, 0, 0, 0, 0, 0, 0, 1, 1, 1, 1, 1, 1, 1, 1, 1, 1, 2, 2, 2, 2, 2, 2, 2, 2, 2, 2, 2, 2, 2, 2, 2, 2, 4, 4, 4, 5, 5, 5, 5, 5, 5, 5, 6, 7, 7, 7, 7, 7, 7, 7, 7",https://app.cardladder.com/search?gemRateId=d85956c8d7d89cea8e7f88127433decdc9489618,https://app.cardladder.com/search?gemRateId=d85956c8d7d89cea8e7f88127433decdc9489618,https://app.cardladder.com/search?gemRateId=d85956c8d7d89cea8e7f88127433decdc9489618,https://www.psacard.com/cert/138044613/psa,https://www.gemrate.com/universal-search?gemrate_id=d85956c8d7d89cea8e7f88127433decdc9489618,,2026-01-22,0,0%,,0%,"0, 0, 0, 0, 0, 0, 0, 0, 0, 100, 0"
0%,0%,0%,0%,0%,0%,0%,86%,0%,14%,e7b093ab7571b6665ec439d51af885a7484c74f9,e7b093ab7571b6665ec439d51af885a7484c74f9,Zaccharie Risacher,Variation-Bronze Fast Break,265,Zaccharie Risacher Variation-Bronze Fast Break 265,1,7,14%,0%,1,2,-50%,"0, 0, 0, 0, 0, 0, 0, 0, 0, 0, 1, 1, 2, 2, 3, 3, 3, 3, 3, 4, 4, 4, 4, 4, 4, 4, 4, 4, 4, 4, 4, 4, 4, 4, 4, 4, 4, 4, 4, 4, 4, 4, 4, 4, 4, 4, 6, 6, 6, 6, 6, 7",https://app.cardladder.com/search?gemRateId=e7b093ab7571b6665ec439d51af885a7484c74f9,https://app.cardladder.com/search?gemRateId=e7b093ab7571b6665ec439d51af885a7484c74f9,https://app.cardladder.com/search?gemRateId=e7b093ab7571b6665ec439d51af885a7484c74f9,https://www.psacard.com/cert/113145277/psa,https://www.gemrate.com/universal-search?gemrate_id=e7b093ab7571b6665ec439d51af885a7484c74f9,2025-05-15,2026-02-24,0,0%,,0%,"0, 0, 0, 0, 0, 0, 0, 0, 85.7, 0, 14.3"
0%,0%,0%,0%,0%,0%,17%,17%,67%,0%,fb6e133fd2c1528304119f4ac1aa6fc2453f27de,fb6e133fd2c1528304119f4ac1aa6fc2453f27de,Cody Williams,Variation-Fast Break,232,Cody Williams Variation-Fast Break 232,0,6,0%,,0,0,,"0, 0, 0, 0, 0, 0, 0, 0, 0, 0, 0, 2, 2, 2, 2, 2, 3, 3, 3, 3, 3, 3, 3, 3, 3, 4, 4, 4, 4, 4, 4, 4, 4, 4, 4, 5, 6, 6, 6, 6, 6, 6, 6, 6, 6, 6, 6, 6, 6, 6, 6, 6",https://app.cardladder.com/search?gemRateId=fb6e133fd2c1528304119f4ac1aa6fc2453f27de,https://app.cardladder.com/search?gemRateId=fb6e133fd2c1528304119f4ac1aa6fc2453f27de,https://app.cardladder.com/search?gemRateId=fb6e133fd2c1528304119f4ac1aa6fc2453f27de,https://www.psacard.com/cert/128395141/psa,https://www.gemrate.com/universal-search?gemrate_id=fb6e133fd2c1528304119f4ac1aa6fc2453f27de,,2026-01-22,0,0%,,0%,"0, 0, 0, 0, 0, 0, 0, 16.7, 16.7, 66.7, 0"
0%,0%,0%,0%,0%,0%,0%,0%,60%,20%,0862b3c7443ce4732e20b1aea88a8f96249db5fc,0862b3c7443ce4732e20b1aea88a8f96249db5fc,Terrance Shannon Jr.,White Wave,224,Terrance Shannon Jr. White Wave 224,1,5,20%,,0,2,-100%,"0, 0, 0, 0, 0, 0, 0, 0, 0, 0, 0, 0, 0, 1, 1, 1, 1, 1, 1, 1, 1, 1, 2, 2, 2, 2, 2, 2, 2, 2, 3, 3, 3, 3, 3, 3, 3, 3, 3, 3, 3, 3, 3, 3, 3, 3, 5, 5, 5, 5, 5, 5",https://app.cardladder.com/search?gemRateId=0862b3c7443ce4732e20b1aea88a8f96249db5fc,https://app.cardladder.com/search?gemRateId=0862b3c7443ce4732e20b1aea88a8f96249db5fc,https://app.cardladder.com/search?gemRateId=0862b3c7443ce4732e20b1aea88a8f96249db5fc,https://www.psacard.com/cert/140733844/psa,https://www.gemrate.com/universal-search?gemrate_id=0862b3c7443ce4732e20b1aea88a8f96249db5fc,2026-01-22,2026-01-26,0,0%,,0%,"0, 0, 0, 0, 0, 0, 0, 0, 0, 60, 20"
0%,0%,0%,0%,0%,0%,20%,20%,60%,0%,c347243e4e073d636c711b41f659cb87b5e14604,c347243e4e073d636c711b41f659cb87b5e14604,Zach Edey,Variation-Bronze Fast Break,249,Zach Edey Variation-Bronze Fast Break 249,0,5,0%,,0,0,,"0, 0, 0, 0, 0, 0, 0, 0, 0, 0, 0, 0, 1, 1, 1, 1, 1, 1, 1, 2, 2, 2, 2, 2, 2, 2, 2, 3, 4, 4, 4, 4, 4, 4, 5, 5, 5, 5, 5, 5, 5, 5, 5, 5, 5, 5, 5, 5, 5, 5, 5, 5",https://app.cardladder.com/search?gemRateId=c347243e4e073d636c711b41f659cb87b5e14604,https://app.cardladder.com/search?gemRateId=c347243e4e073d636c711b41f659cb87b5e14604,https://app.cardladder.com/search?gemRateId=c347243e4e073d636c711b41f659cb87b5e14604,https://www.psacard.com/cert/121608368/psa,https://www.gemrate.com/universal-search?gemrate_id=c347243e4e073d636c711b41f659cb87b5e14604,,2026-01-22,0,0%,,0%,"0, 0, 0, 0, 0, 0, 0, 20, 20, 60, 0"
0%,0%,0%,0%,0%,0%,0%,0%,100%,0%,e3b3dcf21105b13dcf68ecc1ed8e5fec80a7a23d,e3b3dcf21105b13dcf68ecc1ed8e5fec80a7a23d,Tristan DA Silva,Variation-Bronze Fast Break,256,Tristan DA Silva Variation-Bronze Fast Break 256,0,5,0%,,0,0,,"0, 0, 0, 0, 0, 0, 0, 0, 0, 0, 0, 0, 1, 1, 1, 1, 1, 2, 3, 3, 5, 5, 5, 5, 5, 5, 5, 5, 5, 5, 5, 5, 5, 5, 5, 5, 5, 5, 5, 5, 5, 5, 5, 5, 5, 5, 5, 5, 5, 5, 5, 5",https://app.cardladder.com/search?gemRateId=e3b3dcf21105b13dcf68ecc1ed8e5fec80a7a23d,https://app.cardladder.com/search?gemRateId=e3b3dcf21105b13dcf68ecc1ed8e5fec80a7a23d,https://app.cardladder.com/search?gemRateId=e3b3dcf21105b13dcf68ecc1ed8e5fec80a7a23d,https://www.psacard.com/cert/117450751/psa,https://www.gemrate.com/universal-search?gemrate_id=e3b3dcf21105b13dcf68ecc1ed8e5fec80a7a23d,,2026-01-22,0,0%,,0%,"0, 0, 0, 0, 0, 0, 0, 0, 0, 100, 0"
0%,0%,0%,0%,0%,0%,25%,25%,50%,0%,a620f58aa263581b40f672ef237c5ba78f6eef6a,a620f58aa263581b40f672ef237c5ba78f6eef6a,Nikola Topic,Variation-Bronze Fast Break,230,Nikola Topic Variation-Bronze Fast Break 230,0,4,0%,,0,2,-100%,"0, 0, 0, 0, 0, 0, 0, 0, 0, 0, 0, 0, 0, 0, 0, 0, 0, 0, 0, 0, 0, 0, 1, 1, 1, 1, 1, 1, 1, 1, 2, 2, 2, 2, 2, 2, 2, 2, 2, 2, 2, 2, 2, 2, 2, 2, 2, 4, 4, 4, 4, 4",https://app.cardladder.com/search?gemRateId=a620f58aa263581b40f672ef237c5ba78f6eef6a,https://app.cardladder.com/search?gemRateId=a620f58aa263581b40f672ef237c5ba78f6eef6a,https://app.cardladder.com/search?gemRateId=a620f58aa263581b40f672ef237c5ba78f6eef6a,https://www.psacard.com/cert/116138504/psa,https://www.gemrate.com/universal-search?gemrate_id=a620f58aa263581b40f672ef237c5ba78f6eef6a,,2026-01-29,0,0%,,0%,"0, 0, 0, 0, 0, 0, 0, 25, 25, 50, 0"
0%,0%,0%,0%,0%,0%,0%,25%,50%,25%,871377687e78cd407615b019613cc41b0bb3c4f7,871377687e78cd407615b019613cc41b0bb3c4f7,Dalton Knecht,Variation-Bronze Fast Break,238,Dalton Knecht Variation-Bronze Fast Break 238,1,4,25%,0%,1,0,,"0, 0, 0, 0, 1, 1, 1, 1, 1, 1, 1, 1, 1, 1, 1, 1, 1, 1, 1, 1, 1, 1, 1, 1, 1, 1, 1, 1, 2, 2, 2, 2, 2, 2, 2, 3, 3, 3, 3, 3, 3, 3, 3, 3, 3, 3, 3, 3, 4, 4, 4, 4",https://app.cardladder.com/search?gemRateId=871377687e78cd407615b019613cc41b0bb3c4f7,https://app.cardladder.com/search?gemRateId=871377687e78cd407615b019613cc41b0bb3c4f7,https://app.cardladder.com/search?gemRateId=871377687e78cd407615b019613cc41b0bb3c4f7,https://www.psacard.com/cert/110635153/psa,https://www.gemrate.com/universal-search?gemrate_id=871377687e78cd407615b019613cc41b0bb3c4f7,2025-04-03,2026-02-06,0,0%,,0%,"0, 0, 0, 0, 0, 0, 0, 0, 25, 50, 25"
0%,0%,0%,0%,0%,0%,0%,0%,100%,0%,511aada2f6dfdbe747982ce6092419498cf9efd8,511aada2f6dfdbe747982ce6092419498cf9efd8,Bronny James Jr.,Variation-Bronze Fast Break,243,Bronny James Jr. Variation-Bronze Fast Break 243,0,4,0%,,0,0,,"0, 0, 0, 0, 0, 1, 1, 1, 1, 1, 1, 1, 1, 1, 1, 1, 1, 1, 1, 2, 2, 2, 2, 2, 2, 2, 2, 2, 2, 2, 2, 2, 2, 3, 3, 3, 3, 3, 4, 4, 4, 4, 4, 4, 4, 4, 4, 4, 4, 4, 4, 4",https://app.cardladder.com/search?gemRateId=511aada2f6dfdbe747982ce6092419498cf9efd8,https://app.cardladder.com/search?gemRateId=511aada2f6dfdbe747982ce6092419498cf9efd8,https://app.cardladder.com/search?gemRateId=511aada2f6dfdbe747982ce6092419498cf9efd8,https://www.psacard.com/cert/130060478/psa,https://www.gemrate.com/universal-search?gemrate_id=511aada2f6dfdbe747982ce6092419498cf9efd8,,2026-01-22,0,0%,,0%,"0, 0, 0, 0, 0, 0, 0, 0, 0, 100, 0"
0%,0%,0%,0%,0%,0%,0%,50%,50%,0%,218c00186fae79436ed42f30dc38ae88d5282b9b,218c00186fae79436ed42f30dc38ae88d5282b9b,Zach Edey,Variation-Neon Green Fast Break,249,Zach Edey Variation-Neon Green Fast Break 249,0,4,0%,,0,0,,"0, 0, 0, 0, 0, 0, 0, 0, 0, 1, 1, 1, 1, 2, 2, 2, 2, 2, 2, 2, 2, 2, 2, 2, 2, 2, 3, 3, 3, 3, 3, 3, 3, 4, 4, 4, 4, 4, 4, 4, 4, 4, 4, 4, 4, 4, 4, 4, 4, 4, 4, 4",https://app.cardladder.com/search?gemRateId=218c00186fae79436ed42f30dc38ae88d5282b9b,https://app.cardladder.com/search?gemRateId=218c00186fae79436ed42f30dc38ae88d5282b9b,https://app.cardladder.com/search?gemRateId=218c00186fae79436ed42f30dc38ae88d5282b9b,https://www.psacard.com/cert/126609202/psa,https://www.gemrate.com/universal-search?gemrate_id=218c00186fae79436ed42f30dc38ae88d5282b9b,,2026-01-22,0,0%,,0%,"0, 0, 0, 0, 0, 0, 0, 0, 50, 50, 0"
0%,0%,0%,0%,0%,0%,0%,50%,50%,0%,3a26de1988955dfd81b833aab7f2f814d51fb95d,3a26de1988955dfd81b833aab7f2f814d51fb95d,Rob Dillingham,Variation-Bronze Fast Break,250,Rob Dillingham Variation-Bronze Fast Break 250,0,4,0%,0%,1,0,,"0, 0, 0, 0, 0, 0, 0, 0, 0, 0, 0, 0, 0, 0, 0, 0, 0, 0, 0, 0, 0, 1, 1, 1, 1, 1, 1, 1, 1, 1, 1, 2, 2, 3, 3, 3, 3, 3, 3, 3, 3, 3, 3, 3, 3, 3, 3, 3, 3, 3, 3, 4",https://app.cardladder.com/search?gemRateId=3a26de1988955dfd81b833aab7f2f814d51fb95d,https://app.cardladder.com/search?gemRateId=3a26de1988955dfd81b833aab7f2f814d51fb95d,https://app.cardladder.com/search?gemRateId=3a26de1988955dfd81b833aab7f2f814d51fb95d,https://www.psacard.com/cert/126632756/psa,https://www.gemrate.com/universal-search?gemrate_id=3a26de1988955dfd81b833aab7f2f814d51fb95d,,2026-02-24,0,0%,,0%,"0, 0, 0, 0, 0, 0, 0, 0, 50, 50, 0"
0%,0%,0%,0%,0%,0%,0%,50%,50%,0%,7dec4ffca0780da7593eb8f554a68f5e43587ee0,7dec4ffca0780da7593eb8f554a68f5e43587ee0,Matas Buzelis,Variation-Bronze Fast Break,252,Matas Buzelis Variation-Bronze Fast Break 252,0,4,0%,,0,0,,"0, 0, 0, 0, 0, 0, 0, 0, 0, 0, 1, 1, 1, 1, 1, 1, 1, 1, 2, 2, 2, 3, 3, 3, 3, 3, 4, 4, 4, 4, 4, 4, 4, 4, 4, 4, 4, 4, 4, 4, 4, 4, 4, 4, 4, 4, 4, 4, 4, 4, 4, 4",https://app.cardladder.com/search?gemRateId=7dec4ffca0780da7593eb8f554a68f5e43587ee0,https://app.cardladder.com/search?gemRateId=7dec4ffca0780da7593eb8f554a68f5e43587ee0,https://app.cardladder.com/search?gemRateId=7dec4ffca0780da7593eb8f554a68f5e43587ee0,https://www.psacard.com/cert/118209009/psa,https://www.gemrate.com/universal-search?gemrate_id=7dec4ffca0780da7593eb8f554a68f5e43587ee0,,2026-01-22,0,0%,,0%,"0, 0, 0, 0, 0, 0, 0, 0, 50, 50, 0"
0%,0%,0%,0%,0%,0%,0%,0%,100%,0%,509fce659a85b8e1009d063fb4a87569a77a80ce,509fce659a85b8e1009d063fb4a87569a77a80ce,Ron Holland II,Variation-Bronze Fast Break,269,Ron Holland II Variation-Bronze Fast Break 269,0,4,0%,,0,1,-100%,"0, 0, 0, 0, 0, 0, 0, 0, 0, 0, 0, 0, 1, 1, 1, 1, 1, 1, 1, 1, 1, 1, 1, 1, 1, 1, 1, 2, 2, 2, 2, 2, 2, 3, 3, 3, 3, 3, 3, 3, 3, 3, 3, 3, 4, 4, 4, 4, 4, 4, 4, 4",https://app.cardladder.com/search?gemRateId=509fce659a85b8e1009d063fb4a87569a77a80ce,https://app.cardladder.com/search?gemRateId=509fce659a85b8e1009d063fb4a87569a77a80ce,https://app.cardladder.com/search?gemRateId=509fce659a85b8e1009d063fb4a87569a77a80ce,https://www.psacard.com/cert/124518670/psa,https://www.gemrate.com/universal-search?gemrate_id=509fce659a85b8e1009d063fb4a87569a77a80ce,,2026-01-22,0,0%,,0%,"0, 0, 0, 0, 0, 0, 0, 0, 0, 100, 0"
0%,0%,0%,0%,0%,0%,0%,33%,67%,0%,6c0715e1a5a778371b4be316c5fc90ee2feae4b2,6c0715e1a5a778371b4be316c5fc90ee2feae4b2,Jared McCain,Variation-Bronze Fast Break,222,Jared McCain Variation-Bronze Fast Break 222,0,3,0%,,0,0,,"0, 0, 0, 0, 0, 0, 0, 0, 0, 0, 0, 0, 0, 0, 0, 0, 0, 1, 1, 1, 1, 1, 1, 2, 2, 2, 2, 3, 3, 3, 3, 3, 3, 3, 3, 3, 3, 3, 3, 3, 3, 3, 3, 3, 3, 3, 3, 3, 3, 3, 3, 3",https://app.cardladder.com/search?gemRateId=6c0715e1a5a778371b4be316c5fc90ee2feae4b2,https://app.cardladder.com/search?gemRateId=6c0715e1a5a778371b4be316c5fc90ee2feae4b2,https://app.cardladder.com/search?gemRateId=6c0715e1a5a778371b4be316c5fc90ee2feae4b2,https://www.psacard.com/cert/114594775/psa,https://www.gemrate.com/universal-search?gemrate_id=6c0715e1a5a778371b4be316c5fc90ee2feae4b2,,2026-01-22,0,0%,,0%,"0, 0, 0, 0, 0, 0, 0, 0, 33.3, 66.7, 0"
0%,0%,0%,0%,0%,0%,0%,0%,100%,0%,1c171f39af310325725a4f1116ea30961f0f32e0,1c171f39af310325725a4f1116ea30961f0f32e0,Cody Williams,Variation-Bronze Fast Break,232,Cody Williams Variation-Bronze Fast Break 232,0,3,0%,,0,0,,"0, 0, 0, 0, 0, 0, 0, 0, 0, 0, 0, 0, 0, 0, 0, 0, 0, 0, 0, 0, 0, 1, 1, 1, 1, 1, 1, 1, 1, 1, 1, 1, 2, 2, 3, 3, 3, 3, 3, 3, 3, 3, 3, 3, 3, 3, 3, 3, 3, 3, 3, 3",https://app.cardladder.com/search?gemRateId=1c171f39af310325725a4f1116ea30961f0f32e0,https://app.cardladder.com/search?gemRateId=1c171f39af310325725a4f1116ea30961f0f32e0,https://app.cardladder.com/search?gemRateId=1c171f39af310325725a4f1116ea30961f0f32e0,https://www.psacard.com/cert/128486764/psa,https://www.gemrate.com/universal-search?gemrate_id=1c171f39af310325725a4f1116ea30961f0f32e0,,2026-01-22,0,0%,,0%,"0, 0, 0, 0, 0, 0, 0, 0, 0, 100, 0"
0%,0%,0%,0%,0%,0%,0%,0%,67%,0%,aa5b5018eee4d84978958e328c307df673a9cbe4,aa5b5018eee4d84978958e328c307df673a9cbe4,Stephon Castle,Variation-Neon Green Fast Break,234,Stephon Castle Variation-Neon Green Fast Break 234,0,3,0%,,0,0,,"0, 0, 0, 0, 0, 0, 0, 0, 0, 1, 1, 1, 1, 1, 1, 1, 1, 1, 1, 1, 1, 1, 2, 3, 3, 3, 3, 3, 3, 3, 3, 3, 3, 3, 3, 3, 3, 3, 3, 3, 3, 3, 3, 3, 3, 3, 3, 3, 3, 3, 3, 3",https://app.cardladder.com/search?gemRateId=aa5b5018eee4d84978958e328c307df673a9cbe4,https://app.cardladder.com/search?gemRateId=aa5b5018eee4d84978958e328c307df673a9cbe4,https://app.cardladder.com/search?gemRateId=aa5b5018eee4d84978958e328c307df673a9cbe4,https://www.psacard.com/cert/117560230/psa,https://www.gemrate.com/universal-search?gemrate_id=aa5b5018eee4d84978958e328c307df673a9cbe4,,2026-01-22,0,0%,,0%,"0, 0, 0, 0, 0, 0, 0, 0, 0, 66.7, 0"
0%,0%,0%,0%,0%,0%,0%,33%,67%,0%,43a89eb406b9410b6a523d919043ed738c96a7e4,43a89eb406b9410b6a523d919043ed738c96a7e4,Kel'El Ware,Variation-Bronze Fast Break,248,Kel'El Ware Variation-Bronze Fast Break 248,0,3,0%,,0,0,,"0, 0, 0, 0, 0, 0, 0, 0, 0, 1, 1, 1, 1, 1, 1, 1, 1, 1, 1, 1, 1, 1, 2, 2, 2, 2, 2, 2, 2, 2, 2, 2, 2, 2, 2, 2, 2, 2, 2, 2, 2, 3, 3, 3, 3, 3, 3, 3, 3, 3, 3, 3",https://app.cardladder.com/search?gemRateId=43a89eb406b9410b6a523d919043ed738c96a7e4,https://app.cardladder.com/search?gemRateId=43a89eb406b9410b6a523d919043ed738c96a7e4,https://app.cardladder.com/search?gemRateId=43a89eb406b9410b6a523d919043ed738c96a7e4,https://www.psacard.com/cert/131197425/psa,https://www.gemrate.com/universal-search?gemrate_id=43a89eb406b9410b6a523d919043ed738c96a7e4,,2026-01-22,0,0%,,0%,"0, 0, 0, 0, 0, 0, 0, 0, 33.3, 66.7, 0"
0%,0%,0%,0%,0%,0%,0%,33%,67%,0%,f3bd5c7a03eaf14ab0d27ea06faec0a75b057dd4,f3bd5c7a03eaf14ab0d27ea06faec0a75b057dd4,Reed Sheppard,Variation-Bronze Fast Break,268,Reed Sheppard Variation-Bronze Fast Break 268,0,3,0%,,0,0,,"0, 0, 0, 0, 0, 0, 0, 0, 0, 0, 0, 0, 0, 0, 1, 1, 1, 1, 1, 1, 1, 1, 2, 2, 2, 2, 2, 2, 2, 3, 3, 3, 3, 3, 3, 3, 3, 3, 3, 3, 3, 3, 3, 3, 3, 3, 3, 3, 3, 3, 3, 3",https://app.cardladder.com/search?gemRateId=f3bd5c7a03eaf14ab0d27ea06faec0a75b057dd4,https://app.cardladder.com/search?gemRateId=f3bd5c7a03eaf14ab0d27ea06faec0a75b057dd4,https://app.cardladder.com/search?gemRateId=f3bd5c7a03eaf14ab0d27ea06faec0a75b057dd4,https://www.psacard.com/cert/127679275/psa,https://www.gemrate.com/universal-search?gemrate_id=f3bd5c7a03eaf14ab0d27ea06faec0a75b057dd4,,2026-01-22,0,0%,,0%,"0, 0, 0, 0, 0, 0, 0, 0, 33.3, 66.7, 0"
0%,0%,0%,0%,0%,0%,0%,0%,0%,100%,7deb6306755350f775a73474996ed6aa2eb94102,7deb6306755350f775a73474996ed6aa2eb94102,TJ Mcconnell,Snakeskin Prizm,191,TJ Mcconnell Snakeskin Prizm 191,2,2,100%,,0,0,,"0, 0, 0, 0, 0, 0, 0, 0, 0, 0, 0, 0, 0, 0, 0, 0, 0, 0, 0, 0, 1, 1, 1, 1, 1, 2, 2, 2, 2, 2, 2, 2, 2, 2, 2, 2, 2, 2, 2, 2, 2, 2, 2, 2, 2, 2, 2, 2, 2, 2, 2, 2",https://app.cardladder.com/search?gemRateId=7deb6306755350f775a73474996ed6aa2eb94102,https://app.cardladder.com/search?gemRateId=7deb6306755350f775a73474996ed6aa2eb94102,https://app.cardladder.com/search?gemRateId=7deb6306755350f775a73474996ed6aa2eb94102,https://www.psacard.com/cert/119666198/psa,https://www.gemrate.com/universal-search?gemrate_id=7deb6306755350f775a73474996ed6aa2eb94102,2025-08-27,2026-01-22,0,0%,,0%,"0, 0, 0, 0, 0, 0, 0, 0, 0, 0, 100"
0%,0%,0%,0%,0%,0%,0%,100%,0%,0%,34f789cd0264c0a441f44ceb7e89337867cfae7f,34f789cd0264c0a441f44ceb7e89337867cfae7f,Donovan Clingan,Variation-Neon Green Fast Break,221,Donovan Clingan Variation-Neon Green Fast Break 221,0,2,0%,0%,1,0,,"0, 0, 0, 0, 0, 0, 0, 0, 0, 0, 0, 0, 0, 0, 0, 0, 0, 0, 0, 0, 0, 0, 0, 0, 0, 0, 0, 0, 0, 0, 0, 0, 1, 1, 1, 1, 1, 1, 1, 1, 1, 1, 1, 1, 1, 1, 1, 1, 2, 2, 2, 2",https://app.cardladder.com/search?gemRateId=34f789cd0264c0a441f44ceb7e89337867cfae7f,https://app.cardladder.com/search?gemRateId=34f789cd0264c0a441f44ceb7e89337867cfae7f,https://app.cardladder.com/search?gemRateId=34f789cd0264c0a441f44ceb7e89337867cfae7f,https://www.psacard.com/cert/144807678/psa,https://www.gemrate.com/universal-search?gemrate_id=34f789cd0264c0a441f44ceb7e89337867cfae7f,,2026-02-07,0,0%,,0%,"0, 0, 0, 0, 0, 0, 0, 0, 100, 0, 0"
0%,0%,0%,0%,0%,0%,0%,50%,50%,0%,cb8a095acd3aa976501d10cdf3a17cf91aa885de,cb8a095acd3aa976501d10cdf3a17cf91aa885de,Jared McCain,Variation-Neon Green Fast Break,222,Jared McCain Variation-Neon Green Fast Break 222,0,2,0%,0%,1,0,,"0, 0, 0, 1, 1, 1, 1, 1, 1, 1, 1, 1, 1, 1, 1, 1, 1, 1, 1, 1, 1, 1, 1, 1, 1, 1, 1, 1, 1, 1, 1, 1, 1, 1, 1, 1, 1, 1, 1, 1, 1, 1, 1, 1, 1, 1, 1, 1, 1, 1, 1, 2",https://app.cardladder.com/search?gemRateId=cb8a095acd3aa976501d10cdf3a17cf91aa885de,https://app.cardladder.com/search?gemRateId=cb8a095acd3aa976501d10cdf3a17cf91aa885de,https://app.cardladder.com/search?gemRateId=cb8a095acd3aa976501d10cdf3a17cf91aa885de,https://www.psacard.com/cert/110076414/psa,https://www.gemrate.com/universal-search?gemrate_id=cb8a095acd3aa976501d10cdf3a17cf91aa885de,,2026-03-02,0,0%,,0%,"0, 0, 0, 0, 0, 0, 0, 0, 50, 50, 0"
0%,0%,0%,0%,0%,0%,0%,50%,50%,0%,ca2de94bf9c86a2574935eba58bd979e89e031fb,ca2de94bf9c86a2574935eba58bd979e89e031fb,Ja'Kobe Walter,Variation-Bronze Fast Break,223,Ja'Kobe Walter Variation-Bronze Fast Break 223,0,2,0%,,0,0,,"0, 0, 0, 0, 0, 0, 0, 0, 0, 0, 0, 0, 0, 0, 0, 0, 0, 1, 1, 1, 1, 2, 2, 2, 2, 2, 2, 2, 2, 2, 2, 2, 2, 2, 2, 2, 2, 2, 2, 2, 2, 2, 2, 2, 2, 2, 2, 2, 2, 2, 2, 2",https://app.cardladder.com/search?gemRateId=ca2de94bf9c86a2574935eba58bd979e89e031fb,https://app.cardladder.com/search?gemRateId=ca2de94bf9c86a2574935eba58bd979e89e031fb,https://app.cardladder.com/search?gemRateId=ca2de94bf9c86a2574935eba58bd979e89e031fb,https://www.psacard.com/cert/115119208/psa,https://www.gemrate.com/universal-search?gemrate_id=ca2de94bf9c86a2574935eba58bd979e89e031fb,,2026-01-22,0,0%,,0%,"0, 0, 0, 0, 0, 0, 0, 0, 50, 50, 0"
0%,0%,0%,0%,0%,0%,0%,0%,100%,0%,ea21419c751e073f65cbc0ee19bea41b3cf51847,ea21419c751e073f65cbc0ee19bea41b3cf51847,Bronny James Jr.,Variation-Neon Green Fast Break,243,Bronny James Jr. Variation-Neon Green Fast Break 243,0,2,0%,,0,0,,"0, 0, 0, 0, 0, 0, 0, 0, 0, 0, 0, 0, 0, 0, 0, 0, 0, 0, 0, 0, 0, 0, 0, 1, 1, 1, 1, 1, 1, 1, 1, 1, 1, 1, 1, 1, 2, 2, 2, 2, 2, 2, 2, 2, 2, 2, 2, 2, 2, 2, 2, 2",https://app.cardladder.com/search?gemRateId=ea21419c751e073f65cbc0ee19bea41b3cf51847,https://app.cardladder.com/search?gemRateId=ea21419c751e073f65cbc0ee19bea41b3cf51847,https://app.cardladder.com/search?gemRateId=ea21419c751e073f65cbc0ee19bea41b3cf51847,https://www.psacard.com/cert/128839141/psa,https://www.gemrate.com/universal-search?gemrate_id=ea21419c751e073f65cbc0ee19bea41b3cf51847,,2026-01-22,0,0%,,0%,"0, 0, 0, 0, 0, 0, 0, 0, 0, 100, 0"
0%,0%,0%,0%,0%,0%,0%,100%,0%,0%,75f4c1977a9baa0c410945ece92ff4a80bf8a5a9,75f4c1977a9baa0c410945ece92ff4a80bf8a5a9,Bub Carrington,Variation-Bronze Fast Break,244,Bub Carrington Variation-Bronze Fast Break 244,0,2,0%,,0,0,,"0, 0, 0, 0, 0, 0, 0, 0, 0, 0, 0, 1, 1, 1, 1, 1, 1, 2, 2, 2, 2, 2, 2, 2, 2, 2, 2, 2, 2, 2, 2, 2, 2, 2, 2, 2, 2, 2, 2, 2, 2, 2, 2, 2, 2, 2, 2, 2, 2, 2, 2, 2",https://app.cardladder.com/search?gemRateId=75f4c1977a9baa0c410945ece92ff4a80bf8a5a9,https://app.cardladder.com/search?gemRateId=75f4c1977a9baa0c410945ece92ff4a80bf8a5a9,https://app.cardladder.com/search?gemRateId=75f4c1977a9baa0c410945ece92ff4a80bf8a5a9,https://www.psacard.com/cert/117006705/psa,https://www.gemrate.com/universal-search?gemrate_id=75f4c1977a9baa0c410945ece92ff4a80bf8a5a9,,2026-01-22,0,0%,,0%,"0, 0, 0, 0, 0, 0, 0, 0, 100, 0, 0"
0%,0%,0%,0%,0%,0%,0%,50%,0%,0%,47f64575777ffe102f034742ffc17abbb3be5418,47f64575777ffe102f034742ffc17abbb3be5418,Kel'El Ware,Variation-Neon Green Fast Break,248,Kel'El Ware Variation-Neon Green Fast Break 248,0,2,0%,,0,0,,"0, 0, 0, 0, 0, 0, 0, 0, 0, 0, 0, 0, 0, 0, 0, 0, 0, 0, 0, 0, 0, 0, 0, 0, 0, 0, 0, 0, 0, 0, 0, 0, 2, 2, 2, 2, 2, 2, 2, 2, 2, 2, 2, 2, 2, 2, 2, 2, 2, 2, 2, 2",https://app.cardladder.com/search?gemRateId=47f64575777ffe102f034742ffc17abbb3be5418,https://app.cardladder.com/search?gemRateId=47f64575777ffe102f034742ffc17abbb3be5418,https://app.cardladder.com/search?gemRateId=47f64575777ffe102f034742ffc17abbb3be5418,https://www.psacard.com/cert/128486768/psa,https://www.gemrate.com/universal-search?gemrate_id=47f64575777ffe102f034742ffc17abbb3be5418,,2026-01-22,0,0%,,0%,"0, 0, 0, 0, 0, 0, 0, 0, 50, 0, 0"
0%,0%,0%,0%,0%,0%,0%,0%,100%,0%,5aaf8fc67cf2ddc25a3e991ce784de6bab84af0e,5aaf8fc67cf2ddc25a3e991ce784de6bab84af0e,Matas Buzelis,Variation-Neon Green Fast Break,252,Matas Buzelis Variation-Neon Green Fast Break 252,0,2,0%,,0,0,,"0, 0, 0, 0, 0, 0, 0, 0, 0, 0, 0, 0, 0, 0, 0, 0, 0, 0, 0, 1, 1, 1, 2, 2, 2, 2, 2, 2, 2, 2, 2, 2, 2, 2, 2, 2, 2, 2, 2, 2, 2, 2, 2, 2, 2, 2, 2, 2, 2, 2, 2, 2",https://app.cardladder.com/search?gemRateId=5aaf8fc67cf2ddc25a3e991ce784de6bab84af0e,https://app.cardladder.com/search?gemRateId=5aaf8fc67cf2ddc25a3e991ce784de6bab84af0e,https://app.cardladder.com/search?gemRateId=5aaf8fc67cf2ddc25a3e991ce784de6bab84af0e,https://www.psacard.com/cert/117024137/psa,https://www.gemrate.com/universal-search?gemrate_id=5aaf8fc67cf2ddc25a3e991ce784de6bab84af0e,,2026-01-22,0,0%,,0%,"0, 0, 0, 0, 0, 0, 0, 0, 0, 100, 0"
0%,0%,0%,0%,0%,0%,0%,0%,100%,0%,dd808f555ad9ec84a5d976ba41582e3b8391673d,dd808f555ad9ec84a5d976ba41582e3b8391673d,Tidjane Salaun,Variation-Neon Green Fast Break,262,Tidjane Salaun Variation-Neon Green Fast Break 262,0,2,0%,0%,1,0,,"0, 0, 0, 0, 0, 0, 0, 0, 0, 0, 0, 0, 0, 0, 0, 0, 0, 0, 0, 0, 0, 0, 1, 1, 1, 1, 1, 1, 1, 1, 1, 1, 1, 1, 1, 1, 1, 1, 1, 1, 1, 1, 1, 1, 1, 1, 1, 1, 1, 1, 1, 2",https://app.cardladder.com/search?gemRateId=dd808f555ad9ec84a5d976ba41582e3b8391673d,https://app.cardladder.com/search?gemRateId=dd808f555ad9ec84a5d976ba41582e3b8391673d,https://app.cardladder.com/search?gemRateId=dd808f555ad9ec84a5d976ba41582e3b8391673d,https://www.psacard.com/cert/116138544/psa,https://www.gemrate.com/universal-search?gemrate_id=dd808f555ad9ec84a5d976ba41582e3b8391673d,,2026-02-27,0,0%,,0%,"0, 0, 0, 0, 0, 0, 0, 0, 0, 100, 0"
0%,0%,0%,0%,0%,0%,0%,0%,100%,0%,40c71b70bc5bca40ca06959e84811d46ffb96a76,40c71b70bc5bca40ca06959e84811d46ffb96a76,Zaccharie Risacher,Variation-Neon Green Fast Break,265,Zaccharie Risacher Variation-Neon Green Fast Break 265,0,2,0%,,0,0,,"0, 0, 0, 0, 0, 0, 0, 0, 0, 0, 0, 0, 0, 0, 0, 0, 1, 1, 1, 2, 2, 2, 2, 2, 2, 2, 2, 2, 2, 2, 2, 2, 2, 2, 2, 2, 2, 2, 2, 2, 2, 2, 2, 2, 2, 2, 2, 2, 2, 2, 2, 2",https://app.cardladder.com/search?gemRateId=40c71b70bc5bca40ca06959e84811d46ffb96a76,https://app.cardladder.com/search?gemRateId=40c71b70bc5bca40ca06959e84811d46ffb96a76,https://app.cardladder.com/search?gemRateId=40c71b70bc5bca40ca06959e84811d46ffb96a76,https://www.psacard.com/cert/115024586/psa,https://www.gemrate.com/universal-search?gemrate_id=40c71b70bc5bca40ca06959e84811d46ffb96a76,,2026-01-22,0,0%,,0%,"0, 0, 0, 0, 0, 0, 0, 0, 0, 100, 0"
0%,0%,0%,0%,0%,0%,0%,100%,0%,0%,1412138ffc26deb3c115939ddf4b5be1d6b48738,1412138ffc26deb3c115939ddf4b5be1d6b48738,Ron Holland II,Variation-Neon Green Fast Break,269,Ron Holland II Variation-Neon Green Fast Break 269,0,2,0%,,0,1,-100%,"0, 0, 0, 0, 0, 0, 0, 0, 0, 0, 0, 1, 1, 1, 1, 1, 1, 1, 1, 1, 1, 1, 1, 1, 1, 1, 1, 1, 1, 1, 1, 1, 1, 1, 1, 1, 1, 1, 1, 1, 1, 1, 1, 1, 1, 1, 1, 2, 2, 2, 2, 2",https://app.cardladder.com/search?gemRateId=1412138ffc26deb3c115939ddf4b5be1d6b48738,https://app.cardladder.com/search?gemRateId=1412138ffc26deb3c115939ddf4b5be1d6b48738,https://app.cardladder.com/search?gemRateId=1412138ffc26deb3c115939ddf4b5be1d6b48738,https://www.psacard.com/cert/112038556/psa,https://www.gemrate.com/universal-search?gemrate_id=1412138ffc26deb3c115939ddf4b5be1d6b48738,,2026-01-28,0,0%,,0%,"0, 0, 0, 0, 0, 0, 0, 0, 100, 0, 0"
0%,0%,0%,0%,0%,0%,0%,0%,100%,0%,f1e7d74a6578dca6d310c0c3f70bc5e380f0ed57,f1e7d74a6578dca6d310c0c3f70bc5e380f0ed57,PJ Washington Jr.,Gold Shimmer Fotl,174,PJ Washington Jr. Gold Shimmer Fotl 174,0,1,0%,,0,0,,"0, 0, 0, 0, 0, 0, 0, 0, 0, 0, 0, 0, 0, 0, 0, 0, 0, 0, 0, 0, 0, 0, 0, 0, 0, 0, 0, 0, 0, 0, 0, 0, 0, 0, 1, 1, 1, 1, 1, 1, 1, 1, 1, 1, 1, 1, 1, 1, 1, 1, 1, 1",https://app.cardladder.com/search?gemRateId=f1e7d74a6578dca6d310c0c3f70bc5e380f0ed57,https://app.cardladder.com/search?gemRateId=f1e7d74a6578dca6d310c0c3f70bc5e380f0ed57,https://app.cardladder.com/search?gemRateId=f1e7d74a6578dca6d310c0c3f70bc5e380f0ed57,https://www.psacard.com/cert/123257271/psa,https://www.gemrate.com/universal-search?gemrate_id=f1e7d74a6578dca6d310c0c3f70bc5e380f0ed57,,2026-01-22,0,0%,,0%,"0, 0, 0, 0, 0, 0, 0, 0, 0, 100, 0"
0%,0%,0%,0%,0%,0%,0%,100%,0%,0%,d9409bc7b413e0a004b245496ca84497094e9827,d9409bc7b413e0a004b245496ca84497094e9827,PJ Washington Jr.,Green Choice,174,PJ Washington Jr. Green Choice 174,0,1,0%,,0,0,,"0, 0, 0, 0, 0, 0, 0, 0, 0, 0, 0, 0, 0, 0, 0, 0, 0, 0, 0, 0, 0, 0, 0, 0, 0, 0, 0, 0, 0, 1, 1, 1, 1, 1, 1, 1, 1, 1, 1, 1, 1, 1, 1, 1, 1, 1, 1, 1, 1, 1, 1, 1",https://app.cardladder.com/search?gemRateId=d9409bc7b413e0a004b245496ca84497094e9827,https://app.cardladder.com/search?gemRateId=d9409bc7b413e0a004b245496ca84497094e9827,https://app.cardladder.com/search?gemRateId=d9409bc7b413e0a004b245496ca84497094e9827,https://www.psacard.com/cert/123072882/psa,https://www.gemrate.com/universal-search?gemrate_id=d9409bc7b413e0a004b245496ca84497094e9827,,2026-01-22,0,0%,,0%,"0, 0, 0, 0, 0, 0, 0, 0, 100, 0, 0"
0%,0%,0%,0%,0%,0%,0%,0%,100%,0%,3adfd441bb2abcb45bce0d5403ba9742105c4fd3,3adfd441bb2abcb45bce0d5403ba9742105c4fd3,PJ Washington Jr.,Gold Prizm,174,PJ Washington Jr. Gold Prizm 174,0,1,0%,,0,0,,"0, 0, 0, 0, 0, 0, 0, 0, 0, 0, 0, 0, 0, 0, 0, 0, 0, 0, 0, 0, 0, 0, 0, 0, 0, 0, 0, 0, 0, 0, 0, 0, 0, 0, 1, 1, 1, 1, 1, 1, 1, 1, 1, 1, 1, 1, 1, 1, 1, 1, 1, 1",https://app.cardladder.com/search?gemRateId=3adfd441bb2abcb45bce0d5403ba9742105c4fd3,https://app.cardladder.com/search?gemRateId=3adfd441bb2abcb45bce0d5403ba9742105c4fd3,https://app.cardladder.com/search?gemRateId=3adfd441bb2abcb45bce0d5403ba9742105c4fd3,,https://www.gemrate.com/universal-search?gemrate_id=3adfd441bb2abcb45bce0d5403ba9742105c4fd3,,2026-01-22,0,0%,,0%,"0, 0, 0, 0, 0, 0, 0, 0, 0, 100, 0"
0%,0%,0%,0%,0%,0%,0%,0%,100%,0%,14e1d731a70cbf12c8c9905b2e62b68127ef1ff7,14e1d731a70cbf12c8c9905b2e62b68127ef1ff7,PJ Washington Jr.,Cherry Blossom Choice,174,PJ Washington Jr. Cherry Blossom Choice 174,0,1,0%,,0,0,,"0, 0, 0, 0, 0, 0, 0, 0, 0, 0, 0, 0, 0, 0, 0, 0, 0, 0, 0, 0, 0, 0, 0, 0, 0, 0, 0, 0, 0, 0, 0, 0, 0, 0, 0, 0, 1, 1, 1, 1, 1, 1, 1, 1, 1, 1, 1, 1, 1, 1, 1, 1",https://app.cardladder.com/search?gemRateId=14e1d731a70cbf12c8c9905b2e62b68127ef1ff7,https://app.cardladder.com/search?gemRateId=14e1d731a70cbf12c8c9905b2e62b68127ef1ff7,https://app.cardladder.com/search?gemRateId=14e1d731a70cbf12c8c9905b2e62b68127ef1ff7,https://www.psacard.com/cert/129504452/psa,https://www.gemrate.com/universal-search?gemrate_id=14e1d731a70cbf12c8c9905b2e62b68127ef1ff7,,2026-01-22,0,0%,,0%,"0, 0, 0, 0, 0, 0, 0, 0, 0, 100, 0"
0%,0%,0%,0%,0%,0%,0%,0%,100%,0%,5ec258f3535a721b396547b51729fed14fb36542,5ec258f3535a721b396547b51729fed14fb36542,PJ Washington Jr.,Pink Fast Break,174,PJ Washington Jr. Pink Fast Break 174,0,1,0%,,0,0,,"0, 0, 0, 0, 0, 0, 0, 0, 0, 0, 0, 0, 0, 0, 0, 0, 0, 0, 0, 0, 0, 0, 0, 0, 0, 0, 0, 0, 0, 0, 0, 0, 0, 0, 0, 0, 0, 0, 0, 0, 0, 1, 1, 1, 1, 1, 1, 1, 1, 1, 1, 1",https://app.cardladder.com/search?gemRateId=5ec258f3535a721b396547b51729fed14fb36542,https://app.cardladder.com/search?gemRateId=5ec258f3535a721b396547b51729fed14fb36542,https://app.cardladder.com/search?gemRateId=5ec258f3535a721b396547b51729fed14fb36542,,https://www.gemrate.com/universal-search?gemrate_id=5ec258f3535a721b396547b51729fed14fb36542,,2026-01-22,0,0%,,0%,"0, 0, 0, 0, 0, 0, 0, 0, 0, 100, 0"
0%,0%,0%,0%,0%,0%,100%,0%,0%,0%,de16a52f4b0f02fe5ea58c2725eb37bef0f6d371,de16a52f4b0f02fe5ea58c2725eb37bef0f6d371,PJ Washington Jr.,Ruby Wave,174,PJ Washington Jr. Ruby Wave 174,0,1,0%,,0,0,,"0, 0, 0, 0, 0, 0, 0, 0, 0, 0, 0, 0, 0, 0, 0, 0, 0, 0, 0, 0, 0, 0, 0, 0, 0, 0, 0, 0, 0, 0, 0, 0, 1, 1, 1, 1, 1, 1, 1, 1, 1, 1, 1, 1, 1, 1, 1, 1, 1, 1, 1, 1",https://app.cardladder.com/search?gemRateId=de16a52f4b0f02fe5ea58c2725eb37bef0f6d371,https://app.cardladder.com/search?gemRateId=de16a52f4b0f02fe5ea58c2725eb37bef0f6d371,https://app.cardladder.com/search?gemRateId=de16a52f4b0f02fe5ea58c2725eb37bef0f6d371,,https://www.gemrate.com/universal-search?gemrate_id=de16a52f4b0f02fe5ea58c2725eb37bef0f6d371,,2026-01-22,0,0%,,0%,"0, 0, 0, 0, 0, 0, 0, 100, 0, 0, 0"
0%,0%,0%,0%,0%,0%,0%,0%,100%,0%,7128b80c133e37c41ebd9ec86f6a972c0a8b559d,7128b80c133e37c41ebd9ec86f6a972c0a8b559d,PJ Washington Jr.,Orange Seismic,174,PJ Washington Jr. Orange Seismic 174,0,1,0%,,0,0,,"0, 0, 0, 0, 0, 0, 0, 0, 0, 0, 0, 0, 0, 0, 0, 0, 0, 0, 0, 0, 0, 0, 0, 0, 0, 0, 0, 0, 0, 0, 0, 0, 0, 0, 0, 0, 0, 0, 0, 0, 1, 1, 1, 1, 1, 1, 1, 1, 1, 1, 1, 1",https://app.cardladder.com/search?gemRateId=7128b80c133e37c41ebd9ec86f6a972c0a8b559d,https://app.cardladder.com/search?gemRateId=7128b80c133e37c41ebd9ec86f6a972c0a8b559d,https://app.cardladder.com/search?gemRateId=7128b80c133e37c41ebd9ec86f6a972c0a8b559d,https://www.psacard.com/cert/120996525/psa,https://www.gemrate.com/universal-search?gemrate_id=7128b80c133e37c41ebd9ec86f6a972c0a8b559d,,2026-01-22,0,0%,,0%,"0, 0, 0, 0, 0, 0, 0, 0, 0, 100, 0"
0%,0%,0%,0%,0%,0%,0%,0%,100%,0%,38ec1bf016d6c2d48974056f37174b48bc93a4a1,38ec1bf016d6c2d48974056f37174b48bc93a4a1,PJ Washington Jr.,Nebula Choice 1/1,174,PJ Washington Jr. Nebula Choice 1/1 174,0,1,0%,,0,0,,"0, 0, 0, 0, 0, 0, 0, 0, 0, 0, 0, 0, 0, 0, 0, 0, 0, 0, 0, 0, 0, 0, 0, 0, 0, 0, 0, 0, 0, 0, 0, 0, 0, 1, 1, 1, 1, 1, 1, 1, 1, 1, 1, 1, 1, 1, 1, 1, 1, 1, 1, 1",https://app.cardladder.com/search?gemRateId=38ec1bf016d6c2d48974056f37174b48bc93a4a1,https://app.cardladder.com/search?gemRateId=38ec1bf016d6c2d48974056f37174b48bc93a4a1,https://app.cardladder.com/search?gemRateId=38ec1bf016d6c2d48974056f37174b48bc93a4a1,,https://www.gemrate.com/universal-search?gemrate_id=38ec1bf016d6c2d48974056f37174b48bc93a4a1,,2026-01-22,0,0%,,0%,"0, 0, 0, 0, 0, 0, 0, 0, 0, 100, 0"
0%,0%,0%,0%,0%,0%,0%,0%,0%,100%,1d56e955841f461a13fff06a6c026e7607ddf169,1d56e955841f461a13fff06a6c026e7607ddf169,TJ Mcconnell,Neon Green Fast Break,191,TJ Mcconnell Neon Green Fast Break 191,1,1,100%,,0,0,,"0, 0, 0, 0, 0, 0, 0, 0, 0, 0, 0, 0, 0, 0, 0, 0, 0, 0, 0, 0, 0, 0, 0, 0, 0, 0, 0, 0, 0, 0, 1, 1, 1, 1, 1, 1, 1, 1, 1, 1, 1, 1, 1, 1, 1, 1, 1, 1, 1, 1, 1, 1",https://app.cardladder.com/search?gemRateId=1d56e955841f461a13fff06a6c026e7607ddf169,https://app.cardladder.com/search?gemRateId=1d56e955841f461a13fff06a6c026e7607ddf169,https://app.cardladder.com/search?gemRateId=1d56e955841f461a13fff06a6c026e7607ddf169,https://www.psacard.com/cert/124102229/psa,https://www.gemrate.com/universal-search?gemrate_id=1d56e955841f461a13fff06a6c026e7607ddf169,2025-10-06,2026-01-22,0,0%,,0%,"0, 0, 0, 0, 0, 0, 0, 0, 0, 0, 100"
0%,0%,0%,0%,0%,0%,0%,100%,0%,0%,32b6c84b1c50d107ae720613ec486834d69241f3,32b6c84b1c50d107ae720613ec486834d69241f3,TJ Mcconnell,Gold Prizm,191,TJ Mcconnell Gold Prizm 191,0,1,0%,,0,1,-100%,"0, 0, 0, 0, 0, 0, 0, 0, 0, 0, 0, 0, 0, 0, 0, 0, 0, 0, 0, 0, 0, 0, 0, 0, 0, 0, 0, 0, 0, 0, 0, 0, 0, 0, 0, 0, 0, 0, 0, 0, 0, 0, 0, 0, 1, 1, 1, 1, 1, 1, 1, 1",https://app.cardladder.com/search?gemRateId=32b6c84b1c50d107ae720613ec486834d69241f3,https://app.cardladder.com/search?gemRateId=32b6c84b1c50d107ae720613ec486834d69241f3,https://app.cardladder.com/search?gemRateId=32b6c84b1c50d107ae720613ec486834d69241f3,,https://www.gemrate.com/universal-search?gemrate_id=32b6c84b1c50d107ae720613ec486834d69241f3,,2026-01-22,0,0%,,0%,"0, 0, 0, 0, 0, 0, 0, 0, 100, 0, 0"
0%,0%,0%,0%,0%,0%,0%,0%,0%,100%,5e7a895905ab5919abbe5fde21e6663d8ef3b2b9,5e7a895905ab5919abbe5fde21e6663d8ef3b2b9,TJ Mcconnell,Black White Prizm,191,TJ Mcconnell Black White Prizm 191,1,1,100%,,0,0,,"0, 0, 0, 0, 0, 0, 0, 0, 0, 0, 0, 0, 0, 0, 0, 0, 0, 0, 0, 0, 1, 1, 1, 1, 1, 1, 1, 1, 1, 1, 1, 1, 1, 1, 1, 1, 1, 1, 1, 1, 1, 1, 1, 1, 1, 1, 1, 1, 1, 1, 1, 1",https://app.cardladder.com/search?gemRateId=5e7a895905ab5919abbe5fde21e6663d8ef3b2b9,https://app.cardladder.com/search?gemRateId=5e7a895905ab5919abbe5fde21e6663d8ef3b2b9,https://app.cardladder.com/search?gemRateId=5e7a895905ab5919abbe5fde21e6663d8ef3b2b9,https://www.psacard.com/cert/120858435/psa,https://www.gemrate.com/universal-search?gemrate_id=5e7a895905ab5919abbe5fde21e6663d8ef3b2b9,2025-07-22,2026-01-22,0,0%,,0%,"0, 0, 0, 0, 0, 0, 0, 0, 0, 0, 100"
0%,0%,0%,0%,0%,0%,0%,0%,0%,0%,79774f314ed8b4e75a9d7163a55f72abd27c8ef1,79774f314ed8b4e75a9d7163a55f72abd27c8ef1,TJ Mcconnell,Blue Shimmer Fotl,191,TJ Mcconnell Blue Shimmer Fotl 191,0,1,0%,,0,0,,"0, 0, 0, 0, 0, 0, 0, 0, 0, 0, 0, 0, 0, 0, 0, 0, 0, 0, 0, 0, 0, 0, 0, 0, 0, 0, 0, 1, 1, 1, 1, 1, 1, 1, 1, 1, 1, 1, 1, 1, 1, 1, 1, 1, 1, 1, 1, 1, 1, 1, 1, 1",https://app.cardladder.com/search?gemRateId=79774f314ed8b4e75a9d7163a55f72abd27c8ef1,https://app.cardladder.com/search?gemRateId=79774f314ed8b4e75a9d7163a55f72abd27c8ef1,https://app.cardladder.com/search?gemRateId=79774f314ed8b4e75a9d7163a55f72abd27c8ef1,https://www.psacard.com/cert/117922680/psa,https://www.gemrate.com/universal-search?gemrate_id=79774f314ed8b4e75a9d7163a55f72abd27c8ef1,,2026-01-22,1,100%,,100%,"100, 0, 0, 0, 0, 0, 0, 0, 0, 0, 0"
0%,0%,0%,0%,0%,0%,0%,0%,0%,100%,e75e4abde46eb1114d9c884f62b4768f177e17d7,e75e4abde46eb1114d9c884f62b4768f177e17d7,TJ Mcconnell,Silver Prizm,191,TJ Mcconnell Silver Prizm 191,1,1,100%,,0,0,,"0, 0, 0, 0, 0, 0, 0, 0, 0, 0, 0, 0, 0, 0, 0, 0, 0, 0, 0, 0, 0, 0, 0, 0, 0, 0, 0, 0, 0, 0, 0, 0, 0, 0, 0, 0, 1, 1, 1, 1, 1, 1, 1, 1, 1, 1, 1, 1, 1, 1, 1, 1",https://app.cardladder.com/search?gemRateId=e75e4abde46eb1114d9c884f62b4768f177e17d7,https://app.cardladder.com/search?gemRateId=e75e4abde46eb1114d9c884f62b4768f177e17d7,https://app.cardladder.com/search?gemRateId=e75e4abde46eb1114d9c884f62b4768f177e17d7,https://www.psacard.com/cert/128925880/psa,https://www.gemrate.com/universal-search?gemrate_id=e75e4abde46eb1114d9c884f62b4768f177e17d7,2025-11-12,2026-01-22,0,0%,,0%,"0, 0, 0, 0, 0, 0, 0, 0, 0, 0, 100"
0%,0%,0%,0%,0%,0%,0%,0%,0%,100%,df2247e2bd98922624924c18d065ebe33d4a9d57,df2247e2bd98922624924c18d065ebe33d4a9d57,TJ Mcconnell,Green Pulsar,191,TJ Mcconnell Green Pulsar 191,1,1,100%,,0,0,,"0, 0, 0, 0, 0, 0, 0, 0, 0, 0, 0, 0, 0, 0, 0, 0, 0, 0, 0, 1, 1, 1, 1, 1, 1, 1, 1, 1, 1, 1, 1, 1, 1, 1, 1, 1, 1, 1, 1, 1, 1, 1, 1, 1, 1, 1, 1, 1, 1, 1, 1, 1",https://app.cardladder.com/search?gemRateId=df2247e2bd98922624924c18d065ebe33d4a9d57,https://app.cardladder.com/search?gemRateId=df2247e2bd98922624924c18d065ebe33d4a9d57,https://app.cardladder.com/search?gemRateId=df2247e2bd98922624924c18d065ebe33d4a9d57,,https://www.gemrate.com/universal-search?gemrate_id=df2247e2bd98922624924c18d065ebe33d4a9d57,2025-07-15,2026-01-22,0,0%,,0%,"0, 0, 0, 0, 0, 0, 0, 0, 0, 0, 100"
0%,0%,0%,0%,0%,0%,0%,0%,100%,0%,09617d10833ae2ae375efac59e1ea1e2c2e9dfbb,09617d10833ae2ae375efac59e1ea1e2c2e9dfbb,TJ Mcconnell,Green Sparkle,191,TJ Mcconnell Green Sparkle 191,0,1,0%,,0,1,-100%,"0, 0, 0, 0, 0, 0, 0, 0, 0, 0, 0, 0, 0, 0, 0, 0, 0, 0, 0, 0, 0, 0, 0, 0, 0, 0, 0, 0, 0, 0, 0, 0, 0, 0, 0, 0, 0, 0, 0, 0, 0, 0, 0, 0, 0, 0, 1, 1, 1, 1, 1, 1",https://app.cardladder.com/search?gemRateId=09617d10833ae2ae375efac59e1ea1e2c2e9dfbb,https://app.cardladder.com/search?gemRateId=09617d10833ae2ae375efac59e1ea1e2c2e9dfbb,https://app.cardladder.com/search?gemRateId=09617d10833ae2ae375efac59e1ea1e2c2e9dfbb,https://www.psacard.com/cert/139345224/psa,https://www.gemrate.com/universal-search?gemrate_id=09617d10833ae2ae375efac59e1ea1e2c2e9dfbb,,2026-01-22,0,0%,,0%,"0, 0, 0, 0, 0, 0, 0, 0, 0, 100, 0"
0%,0%,0%,0%,0%,0%,0%,100%,0%,0%,6bc514724676175779df1a3725636be3ce1782bd,6bc514724676175779df1a3725636be3ce1782bd,TJ Mcconnell,Gold Wave,191,TJ Mcconnell Gold Wave 191,0,1,0%,,0,0,,"0, 0, 0, 0, 0, 0, 0, 0, 0, 0, 0, 0, 0, 0, 0, 0, 0, 0, 0, 0, 0, 0, 0, 0, 0, 0, 0, 0, 0, 0, 0, 0, 0, 0, 0, 0, 0, 0, 0, 0, 0, 0, 1, 1, 1, 1, 1, 1, 1, 1, 1, 1",https://app.cardladder.com/search?gemRateId=6bc514724676175779df1a3725636be3ce1782bd,https://app.cardladder.com/search?gemRateId=6bc514724676175779df1a3725636be3ce1782bd,https://app.cardladder.com/search?gemRateId=6bc514724676175779df1a3725636be3ce1782bd,,https://www.gemrate.com/universal-search?gemrate_id=6bc514724676175779df1a3725636be3ce1782bd,,2026-01-22,0,0%,,0%,"0, 0, 0, 0, 0, 0, 0, 0, 100, 0, 0"
0%,0%,0%,0%,0%,0%,0%,0%,0%,100%,8d0f15ca5d8ebc108a787e62facbcd1dfa200ace,8d0f15ca5d8ebc108a787e62facbcd1dfa200ace,TJ Mcconnell,Red Sparkle,191,TJ Mcconnell Red Sparkle 191,1,1,100%,,0,0,,"0, 0, 0, 0, 0, 0, 0, 0, 0, 0, 0, 0, 0, 0, 0, 0, 0, 0, 0, 0, 0, 0, 0, 0, 0, 0, 0, 0, 0, 0, 0, 0, 0, 0, 0, 0, 0, 0, 0, 0, 1, 1, 1, 1, 1, 1, 1, 1, 1, 1, 1, 1",https://app.cardladder.com/search?gemRateId=8d0f15ca5d8ebc108a787e62facbcd1dfa200ace,https://app.cardladder.com/search?gemRateId=8d0f15ca5d8ebc108a787e62facbcd1dfa200ace,https://app.cardladder.com/search?gemRateId=8d0f15ca5d8ebc108a787e62facbcd1dfa200ace,https://www.psacard.com/cert/136979511/psa,https://www.gemrate.com/universal-search?gemrate_id=8d0f15ca5d8ebc108a787e62facbcd1dfa200ace,2025-12-11,2026-01-22,0,0%,,0%,"0, 0, 0, 0, 0, 0, 0, 0, 0, 0, 100"
0%,0%,0%,0%,0%,0%,0%,0%,100%,0%,09d6047bf38039d5a746e8795d1457fe8bc5d4c2,09d6047bf38039d5a746e8795d1457fe8bc5d4c2,TJ Mcconnell,Nebula Choice 1/1,191,TJ Mcconnell Nebula Choice 1/1 191,0,1,0%,,0,0,,"0, 0, 0, 0, 0, 0, 0, 0, 0, 0, 0, 0, 0, 0, 0, 0, 0, 0, 0, 0, 0, 0, 0, 0, 0, 0, 0, 0, 0, 0, 0, 0, 0, 0, 0, 1, 1, 1, 1, 1, 1, 1, 1, 1, 1, 1, 1, 1, 1, 1, 1, 1",https://app.cardladder.com/search?gemRateId=09d6047bf38039d5a746e8795d1457fe8bc5d4c2,https://app.cardladder.com/search?gemRateId=09d6047bf38039d5a746e8795d1457fe8bc5d4c2,https://app.cardladder.com/search?gemRateId=09d6047bf38039d5a746e8795d1457fe8bc5d4c2,https://www.psacard.com/cert/126977535/psa,https://www.gemrate.com/universal-search?gemrate_id=09d6047bf38039d5a746e8795d1457fe8bc5d4c2,,2026-01-22,0,0%,,0%,"0, 0, 0, 0, 0, 0, 0, 0, 0, 100, 0"
0%,0%,0%,0%,0%,0%,0%,100%,0%,0%,627beab865fb9450a2299043610012959f757c8c,627beab865fb9450a2299043610012959f757c8c,TJ Mcconnell,Blue Choice,191,TJ Mcconnell Blue Choice 191,0,1,0%,,0,0,,"0, 0, 0, 0, 0, 0, 0, 0, 0, 0, 0, 0, 0, 0, 0, 0, 0, 0, 0, 0, 0, 0, 0, 0, 0, 0, 0, 0, 0, 0, 0, 0, 0, 0, 0, 0, 0, 1, 1, 1, 1, 1, 1, 1, 1, 1, 1, 1, 1, 1, 1, 1",https://app.cardladder.com/search?gemRateId=627beab865fb9450a2299043610012959f757c8c,https://app.cardladder.com/search?gemRateId=627beab865fb9450a2299043610012959f757c8c,https://app.cardladder.com/search?gemRateId=627beab865fb9450a2299043610012959f757c8c,https://www.psacard.com/cert/127010527/psa,https://www.gemrate.com/universal-search?gemrate_id=627beab865fb9450a2299043610012959f757c8c,,2026-01-22,0,0%,,0%,"0, 0, 0, 0, 0, 0, 0, 0, 100, 0, 0"
0%,0%,0%,0%,0%,0%,0%,0%,100%,0%,7db3cc8b8c03242bebf2b7fdc9620b558adb005e,7db3cc8b8c03242bebf2b7fdc9620b558adb005e,TJ Mcconnell,Cherry Blossom Choice,191,TJ Mcconnell Cherry Blossom Choice 191,0,1,0%,,0,0,,"0, 0, 0, 0, 0, 0, 0, 0, 0, 0, 0, 0, 0, 0, 0, 0, 0, 0, 0, 0, 0, 0, 0, 0, 0, 0, 0, 0, 0, 0, 0, 0, 0, 0, 0, 1, 1, 1, 1, 1, 1, 1, 1, 1, 1, 1, 1, 1, 1, 1, 1, 1",https://app.cardladder.com/search?gemRateId=7db3cc8b8c03242bebf2b7fdc9620b558adb005e,https://app.cardladder.com/search?gemRateId=7db3cc8b8c03242bebf2b7fdc9620b558adb005e,https://app.cardladder.com/search?gemRateId=7db3cc8b8c03242bebf2b7fdc9620b558adb005e,,https://www.gemrate.com/universal-search?gemrate_id=7db3cc8b8c03242bebf2b7fdc9620b558adb005e,,2026-01-22,0,0%,,0%,"0, 0, 0, 0, 0, 0, 0, 0, 0, 100, 0"
0%,0%,0%,0%,0%,0%,0%,0%,0%,100%,cb60750311e8003c86e4329e2a255760b9dbb273,cb60750311e8003c86e4329e2a255760b9dbb273,TJ Mcconnell,Black Shimmer Fotl 1/1,191,TJ Mcconnell Black Shimmer Fotl 1/1 191,1,1,100%,,0,0,,"0, 0, 0, 0, 0, 0, 0, 0, 0, 0, 0, 0, 0, 0, 0, 0, 0, 0, 0, 0, 0, 0, 0, 0, 0, 0, 0, 0, 1, 1, 1, 1, 1, 1, 1, 1, 1, 1, 1, 1, 1, 1, 1, 1, 1, 1, 1, 1, 1, 1, 1, 1",https://app.cardladder.com/search?gemRateId=cb60750311e8003c86e4329e2a255760b9dbb273,https://app.cardladder.com/search?gemRateId=cb60750311e8003c86e4329e2a255760b9dbb273,https://app.cardladder.com/search?gemRateId=cb60750311e8003c86e4329e2a255760b9dbb273,,https://www.gemrate.com/universal-search?gemrate_id=cb60750311e8003c86e4329e2a255760b9dbb273,2025-09-22,2026-01-22,0,0%,,0%,"0, 0, 0, 0, 0, 0, 0, 0, 0, 0, 100"
0%,0%,0%,0%,0%,0%,0%,0%,100%,0%,3a02bd6c8d1ae0faa4e6b6882bdeafb4259c6f7e,3a02bd6c8d1ae0faa4e6b6882bdeafb4259c6f7e,TJ Mcconnell,Gold Ice,191,TJ Mcconnell Gold Ice 191,0,1,0%,,0,1,-100%,"0, 0, 0, 0, 0, 0, 0, 0, 0, 0, 0, 0, 0, 0, 0, 0, 0, 0, 0, 0, 0, 0, 0, 0, 0, 0, 0, 0, 0, 0, 0, 0, 0, 0, 0, 0, 0, 0, 0, 0, 0, 0, 0, 0, 1, 1, 1, 1, 1, 1, 1, 1",https://app.cardladder.com/search?gemRateId=3a02bd6c8d1ae0faa4e6b6882bdeafb4259c6f7e,https://app.cardladder.com/search?gemRateId=3a02bd6c8d1ae0faa4e6b6882bdeafb4259c6f7e,https://app.cardladder.com/search?gemRateId=3a02bd6c8d1ae0faa4e6b6882bdeafb4259c6f7e,https://www.psacard.com/cert/137140637/psa,https://www.gemrate.com/universal-search?gemrate_id=3a02bd6c8d1ae0faa4e6b6882bdeafb4259c6f7e,,2026-01-22,0,0%,,0%,"0, 0, 0, 0, 0, 0, 0, 0, 0, 100, 0"
0%,0%,0%,0%,0%,0%,0%,0%,100%,0%,36470fecb60e032c63a6a8558c37faaa4e6abeb0,36470fecb60e032c63a6a8558c37faaa4e6abeb0,TJ Mcconnell,Red Ice,191,TJ Mcconnell Red Ice 191,0,1,0%,,0,0,,"0, 0, 0, 0, 0, 0, 0, 0, 0, 0, 0, 0, 0, 0, 0, 0, 0, 0, 0, 0, 0, 0, 0, 0, 0, 0, 0, 0, 0, 0, 0, 0, 0, 0, 0, 0, 1, 1, 1, 1, 1, 1, 1, 1, 1, 1, 1, 1, 1, 1, 1, 1",https://app.cardladder.com/search?gemRateId=36470fecb60e032c63a6a8558c37faaa4e6abeb0,https://app.cardladder.com/search?gemRateId=36470fecb60e032c63a6a8558c37faaa4e6abeb0,https://app.cardladder.com/search?gemRateId=36470fecb60e032c63a6a8558c37faaa4e6abeb0,,https://www.gemrate.com/universal-search?gemrate_id=36470fecb60e032c63a6a8558c37faaa4e6abeb0,,2026-01-22,0,0%,,0%,"0, 0, 0, 0, 0, 0, 0, 0, 0, 100, 0"
0%,0%,0%,0%,0%,0%,0%,0%,100%,0%,c2e63b21a2d01745cd1374ecb40d28f8b5586112,c2e63b21a2d01745cd1374ecb40d28f8b5586112,TJ Mcconnell,Purple Fast Break,191,TJ Mcconnell Purple Fast Break 191,0,1,0%,,0,0,,"0, 0, 0, 0, 0, 0, 0, 0, 0, 0, 0, 0, 0, 0, 0, 0, 0, 0, 0, 0, 0, 0, 0, 0, 0, 1, 1, 1, 1, 1, 1, 1, 1, 1, 1, 1, 1, 1, 1, 1, 1, 1, 1, 1, 1, 1, 1, 1, 1, 1, 1, 1",https://app.cardladder.com/search?gemRateId=c2e63b21a2d01745cd1374ecb40d28f8b5586112,https://app.cardladder.com/search?gemRateId=c2e63b21a2d01745cd1374ecb40d28f8b5586112,https://app.cardladder.com/search?gemRateId=c2e63b21a2d01745cd1374ecb40d28f8b5586112,https://www.psacard.com/cert/117983942/psa,https://www.gemrate.com/universal-search?gemrate_id=c2e63b21a2d01745cd1374ecb40d28f8b5586112,,2026-01-22,0,0%,,0%,"0, 0, 0, 0, 0, 0, 0, 0, 0, 100, 0"
0%,0%,0%,0%,0%,0%,0%,0%,100%,0%,a99e7f6073a67147939e4dea1ff617016eddf7fc,a99e7f6073a67147939e4dea1ff617016eddf7fc,TJ Mcconnell,Blue Prizm,191,TJ Mcconnell Blue Prizm 191,0,1,0%,,0,0,,"0, 0, 0, 0, 0, 0, 0, 0, 0, 0, 0, 0, 0, 0, 0, 0, 0, 0, 0, 0, 1, 1, 1, 1, 1, 1, 1, 1, 1, 1, 1, 1, 1, 1, 1, 1, 1, 1, 1, 1, 1, 1, 1, 1, 1, 1, 1, 1, 1, 1, 1, 1",https://app.cardladder.com/search?gemRateId=a99e7f6073a67147939e4dea1ff617016eddf7fc,https://app.cardladder.com/search?gemRateId=a99e7f6073a67147939e4dea1ff617016eddf7fc,https://app.cardladder.com/search?gemRateId=a99e7f6073a67147939e4dea1ff617016eddf7fc,https://www.psacard.com/cert/116499371/psa,https://www.gemrate.com/universal-search?gemrate_id=a99e7f6073a67147939e4dea1ff617016eddf7fc,,2026-01-22,0,0%,,0%,"0, 0, 0, 0, 0, 0, 0, 0, 0, 100, 0"
0%,0%,0%,0%,0%,0%,0%,100%,0%,0%,45caaddbbc424002b41d0d1ff04041441b6f7ea9,45caaddbbc424002b41d0d1ff04041441b6f7ea9,TJ Mcconnell,Black Prizm 1/1,191,TJ Mcconnell Black Prizm 1/1 191,0,1,0%,,0,0,,"0, 0, 0, 0, 0, 0, 0, 0, 0, 0, 0, 0, 0, 0, 0, 0, 0, 0, 0, 0, 0, 0, 0, 0, 0, 1, 1, 1, 1, 1, 1, 1, 1, 1, 1, 1, 1, 1, 1, 1, 1, 1, 1, 1, 1, 1, 1, 1, 1, 1, 1, 1",https://app.cardladder.com/search?gemRateId=45caaddbbc424002b41d0d1ff04041441b6f7ea9,https://app.cardladder.com/search?gemRateId=45caaddbbc424002b41d0d1ff04041441b6f7ea9,https://app.cardladder.com/search?gemRateId=45caaddbbc424002b41d0d1ff04041441b6f7ea9,https://www.psacard.com/cert/126332421/psa,https://www.gemrate.com/universal-search?gemrate_id=45caaddbbc424002b41d0d1ff04041441b6f7ea9,,2026-01-22,0,0%,,0%,"0, 0, 0, 0, 0, 0, 0, 0, 100, 0, 0"
0%,0%,0%,0%,0%,0%,0%,0%,100%,0%,616a9bbcc773767eaae3e61a277b1e3ccc121eed,616a9bbcc773767eaae3e61a277b1e3ccc121eed,Donovan Clingan,Variation-Bronze Fast Break,221,Donovan Clingan Variation-Bronze Fast Break 221,0,1,0%,,0,0,,"0, 0, 0, 0, 0, 0, 0, 0, 0, 0, 0, 0, 0, 0, 0, 0, 0, 1, 1, 1, 1, 1, 1, 1, 1, 1, 1, 1, 1, 1, 1, 1, 1, 1, 1, 1, 1, 1, 1, 1, 1, 1, 1, 1, 1, 1, 1, 1, 1, 1, 1, 1",https://app.cardladder.com/search?gemRateId=616a9bbcc773767eaae3e61a277b1e3ccc121eed,https://app.cardladder.com/search?gemRateId=616a9bbcc773767eaae3e61a277b1e3ccc121eed,https://app.cardladder.com/search?gemRateId=616a9bbcc773767eaae3e61a277b1e3ccc121eed,https://www.psacard.com/cert/115119201/psa,https://www.gemrate.com/universal-search?gemrate_id=616a9bbcc773767eaae3e61a277b1e3ccc121eed,,2026-01-22,0,0%,,0%,"0, 0, 0, 0, 0, 0, 0, 0, 0, 100, 0"
0%,0%,0%,0%,0%,0%,0%,0%,100%,0%,a5084801914c2a3f2f3b97eb2a1f343da503a319,a5084801914c2a3f2f3b97eb2a1f343da503a319,Jaylon Tyson,Variation-Neon Green Fast Break,228,Jaylon Tyson Variation-Neon Green Fast Break 228,0,1,0%,0%,1,0,,"0, 0, 0, 0, 0, 0, 0, 0, 0, 0, 0, 0, 0, 0, 0, 0, 0, 0, 0, 0, 0, 0, 0, 0, 0, 0, 0, 0, 0, 0, 0, 0, 0, 0, 0, 0, 0, 0, 0, 0, 0, 0, 0, 0, 0, 0, 0, 0, 1, 1, 1, 1",https://app.cardladder.com/search?gemRateId=a5084801914c2a3f2f3b97eb2a1f343da503a319,https://app.cardladder.com/search?gemRateId=a5084801914c2a3f2f3b97eb2a1f343da503a319,https://app.cardladder.com/search?gemRateId=a5084801914c2a3f2f3b97eb2a1f343da503a319,,https://www.gemrate.com/universal-search?gemrate_id=a5084801914c2a3f2f3b97eb2a1f343da503a319,,2026-02-04,0,0%,,0%,"0, 0, 0, 0, 0, 0, 0, 0, 0, 100, 0"
0%,0%,0%,0%,0%,0%,0%,0%,100%,0%,763a115ae421a5e9dda20adff17e48fbc69f6652,763a115ae421a5e9dda20adff17e48fbc69f6652,Jaylon Tyson,Variation-Fast Break,228,Jaylon Tyson Variation-Fast Break 228,0,1,0%,,0,0,,"0, 0, 0, 0, 0, 0, 0, 0, 0, 0, 0, 0, 0, 0, 0, 1, 1, 1, 1, 1, 1, 1, 1, 1, 1, 1, 1, 1, 1, 1, 1, 1, 1, 1, 1, 1, 1, 1, 1, 1, 1, 1, 1, 1, 1, 1, 1, 1, 1, 1, 1, 1",https://app.cardladder.com/search?gemRateId=763a115ae421a5e9dda20adff17e48fbc69f6652,https://app.cardladder.com/search?gemRateId=763a115ae421a5e9dda20adff17e48fbc69f6652,https://app.cardladder.com/search?gemRateId=763a115ae421a5e9dda20adff17e48fbc69f6652,https://www.psacard.com/cert/113969155/psa,https://www.gemrate.com/universal-search?gemrate_id=763a115ae421a5e9dda20adff17e48fbc69f6652,,2026-01-22,0,0%,,0%,"0, 0, 0, 0, 0, 0, 0, 0, 0, 100, 0"
0%,0%,0%,0%,0%,0%,0%,100%,0%,0%,bd3827fe40d1f668c956011bbe96d72de6f14782,,Cody Williams,Variation-Neon Green Fast Break,232,Cody Williams Variation-Neon Green Fast Break 232,0,1,0%,0%,1,0,,"0, 0, 0, 0, 0, 0, 0, 0, 0, 0, 0, 0, 0, 0, 0, 0, 0, 0, 0, 0, 0, 0, 0, 0, 0, 0, 0, 0, 0, 0, 0, 0, 0, 0, 0, 0, 0, 0, 0, 0, 0, 0, 0, 0, 0, 0, 0, 0, 0, 0, 0, 1",https://app.cardladder.com/search?gemRateId=bd3827fe40d1f668c956011bbe96d72de6f14782,https://app.cardladder.com/search?gemRateId=bd3827fe40d1f668c956011bbe96d72de6f14782,https://app.cardladder.com/search?gemRateId=bd3827fe40d1f668c956011bbe96d72de6f14782,,https://www.gemrate.com/universal-search?gemrate_id=bd3827fe40d1f668c956011bbe96d72de6f14782,,2026-02-26,0,0%,,0%,"0, 0, 0, 0, 0, 0, 0, 0, 100, 0, 0"
0%,0%,0%,0%,0%,0%,0%,0%,100%,0%,8b102249cc8e3598608003cc9743cb00ba3aa1c6,,Yves Missi,Variation-Neon Green Fast Break,233,Yves Missi Variation-Neon Green Fast Break 233,0,1,0%,,0,0,,"0, 0, 0, 0, 0, 0, 0, 0, 0, 0, 0, 0, 0, 0, 0, 0, 0, 0, 0, 0, 0, 0, 0, 0, 1, 1, 1, 1, 1, 1, 1, 1, 1, 1, 1, 1, 1, 1, 1, 1, 1, 1, 1, 1, 1, 1, 1, 1, 1, 1, 1, 1",https://app.cardladder.com/search?gemRateId=8b102249cc8e3598608003cc9743cb00ba3aa1c6,https://app.cardladder.com/search?gemRateId=8b102249cc8e3598608003cc9743cb00ba3aa1c6,https://app.cardladder.com/search?gemRateId=8b102249cc8e3598608003cc9743cb00ba3aa1c6,,https://www.gemrate.com/universal-search?gemrate_id=8b102249cc8e3598608003cc9743cb00ba3aa1c6,,2026-01-22,0,0%,,0%,"0, 0, 0, 0, 0, 0, 0, 0, 0, 100, 0"
0%,0%,0%,0%,0%,0%,0%,0%,100%,0%,56287ecfc9afaa8213db48efe715aa8f18ae3482,56287ecfc9afaa8213db48efe715aa8f18ae3482,Daron Holmes,Plum Blossom Prizm,235,Daron Holmes Plum Blossom Prizm 235,0,1,0%,,0,1,-100%,"0, 0, 0, 0, 0, 0, 0, 0, 0, 0, 0, 0, 0, 0, 0, 0, 0, 0, 0, 0, 0, 0, 0, 0, 0, 0, 0, 0, 0, 0, 0, 0, 0, 0, 0, 0, 0, 0, 0, 0, 0, 0, 0, 0, 0, 0, 1, 1, 1, 1, 1, 1",https://app.cardladder.com/search?gemRateId=56287ecfc9afaa8213db48efe715aa8f18ae3482,https://app.cardladder.com/search?gemRateId=56287ecfc9afaa8213db48efe715aa8f18ae3482,https://app.cardladder.com/search?gemRateId=56287ecfc9afaa8213db48efe715aa8f18ae3482,https://www.psacard.com/cert/139245960/psa,https://www.gemrate.com/universal-search?gemrate_id=56287ecfc9afaa8213db48efe715aa8f18ae3482,,2026-01-22,0,0%,,0%,"0, 0, 0, 0, 0, 0, 0, 0, 0, 100, 0"
0%,0%,0%,0%,0%,0%,0%,100%,0%,0%,7095810ecb5e7802353edbfbf91a50fd740cec80,7095810ecb5e7802353edbfbf91a50fd740cec80,Dalton Knecht,Variation-Neon Green Fast Break,238,Dalton Knecht Variation-Neon Green Fast Break 238,0,1,0%,,0,0,,"0, 0, 0, 0, 0, 0, 0, 0, 0, 0, 1, 1, 1, 1, 1, 1, 1, 1, 1, 1, 1, 1, 1, 1, 1, 1, 1, 1, 1, 1, 1, 1, 1, 1, 1, 1, 1, 1, 1, 1, 1, 1, 1, 1, 1, 1, 1, 1, 1, 1, 1, 1",https://app.cardladder.com/search?gemRateId=7095810ecb5e7802353edbfbf91a50fd740cec80,https://app.cardladder.com/search?gemRateId=7095810ecb5e7802353edbfbf91a50fd740cec80,https://app.cardladder.com/search?gemRateId=7095810ecb5e7802353edbfbf91a50fd740cec80,,https://www.gemrate.com/universal-search?gemrate_id=7095810ecb5e7802353edbfbf91a50fd740cec80,,2026-01-22,0,0%,,0%,"0, 0, 0, 0, 0, 0, 0, 0, 100, 0, 0"
0%,0%,0%,0%,0%,0%,0%,0%,100%,0%,e5c2b65c31c336d619a197cbc96407346cf72ef1,e5c2b65c31c336d619a197cbc96407346cf72ef1,Tristan DA Silva,Variation-Neon Green Fast Break,256,Tristan DA Silva Variation-Neon Green Fast Break 256,0,1,0%,,0,0,,"0, 0, 0, 0, 0, 0, 0, 0, 0, 0, 0, 0, 0, 0, 0, 0, 0, 0, 0, 0, 1, 1, 1, 1, 1, 1, 1, 1, 1, 1, 1, 1, 1, 1, 1, 1, 1, 1, 1, 1, 1, 1, 1, 1, 1, 1, 1, 1, 1, 1, 1, 1",https://app.cardladder.com/search?gemRateId=e5c2b65c31c336d619a197cbc96407346cf72ef1,https://app.cardladder.com/search?gemRateId=e5c2b65c31c336d619a197cbc96407346cf72ef1,https://app.cardladder.com/search?gemRateId=e5c2b65c31c336d619a197cbc96407346cf72ef1,https://www.psacard.com/cert/117450767/psa,https://www.gemrate.com/universal-search?gemrate_id=e5c2b65c31c336d619a197cbc96407346cf72ef1,,2026-01-22,0,0%,,0%,"0, 0, 0, 0, 0, 0, 0, 0, 0, 100, 0"
0%,0%,0%,0%,0%,0%,0%,0%,100%,0%,c711639a40e58ed94038e2e6b6b704c1bcd309b2,c711639a40e58ed94038e2e6b6b704c1bcd309b2,Tidjane Salaun,Variation-Bronze Fast Break,262,Tidjane Salaun Variation-Bronze Fast Break 262,0,1,0%,,0,0,,"0, 0, 0, 0, 0, 0, 0, 0, 0, 0, 0, 0, 0, 0, 0, 0, 0, 0, 0, 0, 1, 1, 1, 1, 1, 1, 1, 1, 1, 1, 1, 1, 1, 1, 1, 1, 1, 1, 1, 1, 1, 1, 1, 1, 1, 1, 1, 1, 1, 1, 1, 1",https://app.cardladder.com/search?gemRateId=c711639a40e58ed94038e2e6b6b704c1bcd309b2,https://app.cardladder.com/search?gemRateId=c711639a40e58ed94038e2e6b6b704c1bcd309b2,https://app.cardladder.com/search?gemRateId=c711639a40e58ed94038e2e6b6b704c1bcd309b2,https://www.psacard.com/cert/116927150/psa,https://www.gemrate.com/universal-search?gemrate_id=c711639a40e58ed94038e2e6b6b704c1bcd309b2,,2026-01-22,0,0%,,0%,"0, 0, 0, 0, 0, 0, 0, 0, 0, 100, 0"
0%,0%,0%,0%,0%,0%,0%,0%,100%,0%,f8b75752ba7e794a945f4559ebfbad1236c232b2,e8f1fa04e7ac8b6a30066341d288706dc9237d07,Alexandre Sarr,Variation-Neon Green Fast Break,264,Alexandre Sarr Variation-Neon Green Fast Break 264,0,1,0%,,0,0,,"0, 0, 0, 0, 0, 0, 0, 0, 0, 0, 0, 0, 0, 0, 0, 0, 0, 0, 0, 0, 0, 0, 0, 0, 0, 0, 0, 0, 0, 0, 1, 1, 1, 1, 1, 1, 1, 1, 1, 1, 1, 1, 1, 1, 1, 1, 1, 1, 1, 1, 1, 1",https://app.cardladder.com/search?gemRateId=f8b75752ba7e794a945f4559ebfbad1236c232b2,https://app.cardladder.com/search?gemRateId=f8b75752ba7e794a945f4559ebfbad1236c232b2,https://app.cardladder.com/search?gemRateId=f8b75752ba7e794a945f4559ebfbad1236c232b2,https://www.psacard.com/cert/120771892/psa,https://www.gemrate.com/universal-search?gemrate_id=e8f1fa04e7ac8b6a30066341d288706dc9237d07,,2026-01-22,0,0%,,0%,"0, 0, 0, 0, 0, 0, 0, 0, 0, 100, 0"
0%,0%,0%,0%,0%,0%,100%,0%,0%,0%,d636cf51562f4c80368672c9d4b41592959310a6,d636cf51562f4c80368672c9d4b41592959310a6,Reed Sheppard,Variation-Neon Green Fast Break,268,Reed Sheppard Variation-Neon Green Fast Break 268,0,1,0%,,0,0,,"0, 0, 0, 0, 0, 0, 0, 0, 0, 0, 0, 0, 0, 0, 0, 0, 0, 0, 0, 0, 0, 0, 0, 0, 0, 0, 0, 0, 0, 0, 1, 1, 1, 1, 1, 1, 1, 1, 1, 1, 1, 1, 1, 1, 1, 1, 1, 1, 1, 1, 1, 1",https://app.cardladder.com/search?gemRateId=d636cf51562f4c80368672c9d4b41592959310a6,https://app.cardladder.com/search?gemRateId=d636cf51562f4c80368672c9d4b41592959310a6,https://app.cardladder.com/search?gemRateId=d636cf51562f4c80368672c9d4b41592959310a6,https://www.psacard.com/cert/124453391/psa,https://www.gemrate.com/universal-search?gemrate_id=d636cf51562f4c80368672c9d4b41592959310a6,,2026-01-22,0,0%,,0%,"0, 0, 0, 0, 0, 0, 0, 100, 0, 0, 0"
0%,0%,0%,0%,0%,100%,0%,0%,0%,0%,9bdc428a85c01e6a7c132dc2cc20de2444827895,,LaMelo Ball,Whtie Prizm,30,LaMelo Ball Whtie Prizm 30,0,1,0%,,0,0,,"0, 0, 0, 0, 0, 0, 0, 0, 0, 0, 0, 0, 0, 0, 0, 0, 0, 0, 0, 0, 0, 0, 0, 0, 0, 0, 0, 0, 1, 1, 1, 1, 1, 1, 1, 1, 1, 1, 1, 1, 1, 1, 1, 1, 1, 1, 1, 1, 1, 1, 1, 1",https://app.cardladder.com/search?gemRateId=9bdc428a85c01e6a7c132dc2cc20de2444827895,https://app.cardladder.com/search?gemRateId=9bdc428a85c01e6a7c132dc2cc20de2444827895,https://app.cardladder.com/search?gemRateId=9bdc428a85c01e6a7c132dc2cc20de2444827895,https://www.psacard.com/cert/121949066/psa,https://www.gemrate.com/universal-search?gemrate_id=9bdc428a85c01e6a7c132dc2cc20de2444827895,,2026-01-22,0,0%,,0%,"0, 0, 0, 0, 0, 0, 100, 0, 0, 0, 0"
0%,0%,0%,0%,0%,0%,0%,100%,0%,0%,a719407a4710505a4331ebae32885da83c7929b5,a719407a4710505a4331ebae32885da83c7929b5,Keegan Murray,Blue Shimmer Prizm,7,Keegan Murray Blue Shimmer Prizm 7,0,1,0%,,0,0,,"0, 0, 0, 0, 0, 0, 0, 0, 0, 0, 0, 0, 0, 0, 0, 0, 0, 0, 0, 0, 0, 0, 0, 1, 1, 1, 1, 1, 1, 1, 1, 1, 1, 1, 1, 1, 1, 1, 1, 1, 1, 1, 1, 1, 1, 1, 1, 1, 1, 1, 1, 1",https://app.cardladder.com/search?gemRateId=a719407a4710505a4331ebae32885da83c7929b5,https://app.cardladder.com/search?gemRateId=a719407a4710505a4331ebae32885da83c7929b5,https://app.cardladder.com/search?gemRateId=a719407a4710505a4331ebae32885da83c7929b5,,https://www.gemrate.com/universal-search?gemrate_id=a719407a4710505a4331ebae32885da83c7929b5,,2026-01-22,0,0%,,0%,"0, 0, 0, 0, 0, 0, 0, 0, 100, 0, 0"
